-- phpMyAdmin SQL Dump
-- version 5.2.1
-- https://www.phpmyadmin.net/
--
-- Host: localhost
-- Generation Time: Jun 16, 2025 at 02:22 PM
-- Server version: 10.4.28-MariaDB
-- PHP Version: 8.1.17

SET SQL_MODE = "NO_AUTO_VALUE_ON_ZERO";
START TRANSACTION;
SET time_zone = "+00:00";


/*!40101 SET @OLD_CHARACTER_SET_CLIENT=@@CHARACTER_SET_CLIENT */;
/*!40101 SET @OLD_CHARACTER_SET_RESULTS=@@CHARACTER_SET_RESULTS */;
/*!40101 SET @OLD_COLLATION_CONNECTION=@@COLLATION_CONNECTION */;
/*!40101 SET NAMES utf8mb4 */;

--
-- Database: `schooldb`
--

-- --------------------------------------------------------

--
-- Table structure for table `according_to_paragraph`
--

CREATE TABLE `according_to_paragraph` (
  `id` int(11) NOT NULL,
  `options` varchar(255) NOT NULL,
  `created_at` timestamp NOT NULL DEFAULT current_timestamp(),
  `updated_at` timestamp NOT NULL DEFAULT current_timestamp() ON UPDATE current_timestamp()
) ENGINE=InnoDB DEFAULT CHARSET=utf8mb4 COLLATE=utf8mb4_general_ci;

--
-- Dumping data for table `according_to_paragraph`
--

INSERT INTO `according_to_paragraph` (`id`, `options`, `created_at`, `updated_at`) VALUES
(1, '§34a Sachkunde', '2025-03-28 09:05:56', '2025-03-28 09:05:56'),
(2, '§45 Coaching', '2025-03-28 09:05:56', '2025-03-28 09:05:56'),
(3, '§81 Weiterbildung', '2025-03-28 09:05:56', '2025-03-28 09:05:56');

-- --------------------------------------------------------

--
-- Table structure for table `admin_users`
--

CREATE TABLE `admin_users` (
  `id` int(6) UNSIGNED ZEROFILL NOT NULL,
  `username` varchar(255) NOT NULL,
  `first_name` varchar(255) NOT NULL,
  `last_name` varchar(255) NOT NULL,
  `phone_number` varchar(20) NOT NULL,
  `email` varchar(255) NOT NULL,
  `street` varchar(255) NOT NULL,
  `pincode` varchar(10) NOT NULL,
  `city` varchar(100) NOT NULL,
  `country` varchar(100) NOT NULL,
  `password` varchar(255) NOT NULL,
  `role` enum('super_admin','admin') NOT NULL DEFAULT 'admin',
  `status` enum('Active','Inactive') NOT NULL DEFAULT 'Active',
  `created_at` timestamp NOT NULL DEFAULT current_timestamp(),
  `updated_at` timestamp NOT NULL DEFAULT current_timestamp() ON UPDATE current_timestamp(),
  `deleted_at` timestamp NULL DEFAULT NULL,
  `reason_non_participation` text DEFAULT NULL
) ENGINE=InnoDB DEFAULT CHARSET=utf8mb4 COLLATE=utf8mb4_general_ci;

--
-- Dumping data for table `admin_users`
--

INSERT INTO `admin_users` (`id`, `username`, `first_name`, `last_name`, `phone_number`, `email`, `street`, `pincode`, `city`, `country`, `password`, `role`, `status`, `created_at`, `updated_at`, `deleted_at`, `reason_non_participation`) VALUES
(000001, 'superadmin', 'Super', 'Admin', '+1234567890', 'superadmin@school.com', '123 Main Street', '380015', 'Ahmedabad', 'India', '$2a$10$RvVW.Ea.d3/IS9VOmCdL2ehtxzCUgCofXHkv8VapO7St5cjn1GEha', 'super_admin', 'Active', '2025-03-28 07:45:42', '2025-03-28 07:46:18', NULL, NULL),
(000002, 'newadmin', 'John', 'Doe', '+919876543210', 'john.doe@example.com', '456 Park Avenue', '450006', 'Ahmedabad', 'India', '$2a$10$N40rgq7OQ6ZLi8zvGV4uQeUNcQTrQexUYLfvokgzv9qiRvufsrWZO', 'admin', 'Active', '2025-05-06 07:53:16', '2025-05-06 07:53:16', NULL, NULL),
(000003, 'jay dhimar', 'Dhimmar', 'Jay', '7984810153', 'jaydhimar@gmail.com', '19/20 Maninagar Satyam Shivam Sudaram Appartment', '394327', 'Dist. - Surat', 'superadmin@school.com', '$2a$10$l5doz5.Zftv.eD2PHnl/a.uiSJsZ1Q13sqknrHi9KfOoEHiS00nt.', 'admin', 'Active', '2025-05-19 09:58:06', '2025-05-19 09:58:06', NULL, NULL),
(000004, 'Yash ', 'Dhimmar', 'Yash', '7990088388', 'yash@gmail.com', 'Kadodara', '394327', 'surat', 'superadmin@school.com', '$2a$10$LHi0I18n1rG/9dX7cwC37eEBFX9ThrIhJeEPyxTt84iu5KSKpujDa', 'admin', 'Active', '2025-05-19 14:17:59', '2025-05-19 14:17:59', NULL, NULL),
(000005, 'Narendra Modi', 'Narendra', 'Modi', '+1234567890', 'noreply@fastferri.in', '19/20 Maninagar Satyam Shivam Sudaram Appartment', '394327', 'Dist. - Surat', 'superadmin@school.com', '$2a$10$tLm/CKMglLY/VnF9z7BGVePPBU0b2MzbIaZmeMTdJfGs6zhpQvGUi', 'admin', 'Active', '2025-05-19 14:18:32', '2025-05-19 14:18:32', NULL, NULL),
(000007, 'jay1 dhimar', 'Dhimmar', 'Jay 1', '79-84810153', 'jay123@gmail.com', '19/20 Maninagar Satyam Shivam Sudaram Appartment', '394327', 'Dist. - Surat', 'superadmin@school.com', '$2a$10$r69vwbSq/BoCFZMLAMaD4egXXrE3xb48s8.Sgd4ArOzDMjdkzLwYu', 'admin', 'Active', '2025-05-19 15:56:59', '2025-06-12 05:37:37', NULL, NULL);

-- --------------------------------------------------------

--
-- Table structure for table `assessment_links`
--

CREATE TABLE `assessment_links` (
  `id` int(11) NOT NULL,
  `token` varchar(255) NOT NULL,
  `first_name` varchar(100) DEFAULT NULL,
  `last_name` varchar(100) DEFAULT NULL,
  `expiry_date` timestamp NOT NULL DEFAULT current_timestamp() ON UPDATE current_timestamp(),
  `is_completed` tinyint(1) DEFAULT 0,
  `created_at` timestamp NOT NULL DEFAULT current_timestamp(),
  `updated_at` timestamp NOT NULL DEFAULT current_timestamp() ON UPDATE current_timestamp(),
  `signature_image` mediumtext DEFAULT NULL,
  `comment` text DEFAULT NULL
) ENGINE=InnoDB DEFAULT CHARSET=utf8mb4 COLLATE=utf8mb4_general_ci;

--
-- Dumping data for table `assessment_links`
--

INSERT INTO `assessment_links` (`id`, `token`, `first_name`, `last_name`, `expiry_date`, `is_completed`, `created_at`, `updated_at`, `signature_image`, `comment`) VALUES
(3, '6e490e5758597b39c7fc91543907efb7875f8cb17adc118e7e177df6bc8a8c35', 'Dhimmar', 'Jay', '2025-04-28 15:07:02', 1, '2025-04-28 15:06:40', '2025-04-28 15:07:02', 'data:image/png;base64,iVBORw0KGgoAAAANSUhEUgAAASwAAACWCAYAAABkW7XSAAAAAXNSR0IArs4c6QAABdFJREFUeF7t2YttE1sUQNFJJdAJdAZUgqgEqAx0JV9pNIyx44ylbHshPYmPY47XOdkxeS+LHwQIEIgIvETmNCYBAgQWwXIEBAhkBAQrsyqDEiAgWG6AAIGMgGBlVmVQAgQEyw0QIJAREKzMqgxKgIBguQECBDICgpVZlUEJEBAsN0CAQEZAsDKrMigBAoLlBggQyAgIVmZVBiVAQLDcAAECGQHByqzKoAQICJYbIEAgIyBYmVUZlAABwXIDBAhkBAQrsyqDEiAgWG6AAIGMgGBlVmVQAgQEyw0QIJAREKzMqgxKgIBguQECBDICgpVZlUEJEBAsN0CAQEZAsDKrMigBAoLlBggQyAgIVmZVBiVAQLDcAAECGQHByqzKoAQICJYbIEAgIyBYmVUZlAABwXIDBAhkBAQrsyqDEiAgWG6AAIGMgGBlVmVQAgQEyw0QIJAREKzMqgxKgIBguQECBDICgpVZlUEJEBAsN0CAQEZAsDKrMigBAoLlBggQyAgIVmZVBiVAQLDcAAECGQHByqzKoAQICJYbIEAgIyBYmVUZlAABwXIDBAhkBAQrsyqDEiAgWG6AAIGMgGBlVmVQAgQEyw0QIJAREKzMqgxKgIBguQECBDICgpVZlUEJEBAsN0CAQEZAsDKrMigBAoLlBggQyAgIVmZVDzPo551XMn/v13/+bPzRp2VZfp8eM36+92Pv+Y/EmzOOv2c973qu+fPx9+69pvU8l/78yNnzzyVY+RW+2xcwPqHHfzMs9w7Ju4W4cbARshG+dZi3IVybjsfvhX/+3oz9+nHb0c7F891EVbBuvCYf9o/A+MT4cvrdt8RpfFL+OT3P+hP20ifra1ay/QTcvls691zrx21/vn3X9BaD+c7sUpC2c1/6O2esto/be+e691zz438sy/LhFMhpOfczf32XyAnWa87cY6fAPOZbA7U+8vVh3+XIre0wgW3E1r8e0TsXucNiJliH7fLhn2gc4/dlWT7e8EpHiL6dPk6UbgCMfcj8dsAY+1zI5kua//T9es1rFKxrlJ7zMet3UZf+qbH3vZDxVXUco0A95/1sX/WliF3VoqsexPupBOb3oq6N1AySd1BPdSaHvdjxzurqL2yCdZh7+ol+vuKb5et3Tt49pdfeG16wejs7euLxFW5+83z7f7rGr71zOlrc890sIFg30z3MB45/+s13WPMboFe/RX8YBS8kISBYiTUZkgCBISBY7oAAgYyAYGVWZVACBATLDRAgkBEQrMyqDEqAgGC5AQIEMgKClVmVQQkQECw3QIBARkCwMqsyKAECguUGCBDICAhWZlUGJUBAsNwAAQIZAcHKrMqgBAgIlhsgQCAjIFiZVRmUAAHBcgMECGQEBCuzKoMSICBYboAAgYyAYGVWZVACBATLDRAgkBEQrMyqDEqAgGC5AQIEMgKClVmVQQkQECw3QIBARkCwMqsyKAECguUGCBDICAhWZlUGJUBAsNwAAQIZAcHKrMqgBAgIlhsgQCAjIFiZVRmUAAHBcgMECGQEBCuzKoMSICBYboAAgYyAYGVWZVACBATLDRAgkBEQrMyqDEqAgGC5AQIEMgKClVmVQQkQECw3QIBARkCwMqsyKAECguUGCBDICAhWZlUGJUBAsNwAAQIZAcHKrMqgBAgIlhsgQCAjIFiZVRmUAAHBcgMECGQEBCuzKoMSICBYboAAgYyAYGVWZVACBATLDRAgkBEQrMyqDEqAgGC5AQIEMgKClVmVQQkQECw3QIBARkCwMqsyKAECguUGCBDICAhWZlUGJUBAsNwAAQIZAcHKrMqgBAgIlhsgQCAjIFiZVRmUAAHBcgMECGQEBCuzKoMSICBYboAAgYyAYGVWZVACBATLDRAgkBEQrMyqDEqAgGC5AQIEMgKClVmVQQkQECw3QIBARkCwMqsyKAECguUGCBDICAhWZlUGJUBAsNwAAQIZAcHKrMqgBAgIlhsgQCAjIFiZVRmUAIG/xN5Ml8iXCXoAAAAASUVORK5CYII=', NULL),
(9, 'e437ab1c709f6040eb95fcc54a7eecdeee9465ac457791987c5bf27904be82db', 'Dhimmar', 'Jay', '2025-04-28 15:54:43', 1, '2025-04-28 15:54:05', '2025-04-28 15:54:43', 'data:image/png;base64,iVBORw0KGgoAAAANSUhEUgAAASwAAACWCAYAAABkW7XSAAAAAXNSR0IArs4c6QAACttJREFUeF7tnYux5jQMRr0VQAdAB3QAVEAJQAdQAVABdABUwFAB0AEdLHRAB4CYa0Z487ATPyTl/DM7c+/9HVs+kr+VHcd5lfhAAAIQcELglRM7MRMCEIBAQrAIAghAwA0BBMuNqzAUAhBAsIgBCEDADQEEy42rMBQCEECwiAEIQMANAQTLjaswFAIQQLCIAQhAwA0BBMuNqzAUAhBAsIgBCEDADQEEy42rMBQCEECwiAEIQMANAQTLjaswFAIQQLCIAQhAwA0BBMuNqzAUAhBAsIgBCEDADQEEy42rMBQCEECwiAEIQMANAQTLjaswFAIQQLCIAQhAwA0BBMuNqzAUAhBAsIgBCEDADQEEy42rMBQCEECwiAEIQMANAQTLjaswFAIQQLCIAQhAwA0BBMuNqzAUAhBAsIgBCEDADQEEy42rMBQCEECwiAEIQMANAQTLjaswFAIQQLCIAQhAwA0BBMuNqzAUAhBAsIgBCEDADQEEy42rMBQCEECwiAEIQMANAQTLjaswFAIQQLCIAQhAwA0BBMuNqzAUAhBAsIgBCEDADQEEy42rMBQCEECwiAEIQMANAQTLjaswFAIQQLCIAQhAwA0BBMuNqzAUAhBAsIgBCEDADQEEy42rMBQCEECwiAEIQMANAQTLjaswFAIQQLCIAQhAwA0BBMuNqzAUAhBAsIgBCEDADQEEy42rMBQCEECwiAEIQMANAQTLjaswFAIQQLCIAQhAwA0BBMuNqzAUAhBAsIgBCEDADQEEy42rMBQCEECwiAEIQMANAQTLjaswFAIQQLBsxsCHyqwvd0z89cD0X16+k3ryz/In+f2Dyi7r+nUd+fKtv1VWTTEIXCOAYF3j1vsqEZIsJlqserfTuz4tWlng5G+IWW/S1PcvAQRrfiDcEScRAi1oR7+LgPz10j35ucysjjK0TCVfI2XfTSm9U7R/Ru/rF/FCwM5I8X0VAQSrClOXQiI0Mr07y6BkcHvJVrL4aoHb65/066eU0tv/FP6qC1EqeRwBBGuOy38+EKosUJGmUjVZpGRf8kG85sRgiFYQrLFulIErYlV+RJzydGmsBTZqzwIm08pPNkwSFgiXDV+ZtgLBGueerSmgCNVH45p0U3MWp/IOKFmXGxeuMRTBGse9nAaKULH4/CZvEa9SuH5IKf1O1jUuOL3WjGCN8dzrl7tquXamPOect4RLruJO4zm7x5RAsPq7uhx4iFUb4+931rm0+Osay6w1b5Ylm23j7qI0gtXfTXoqKFObT/s38Yga9zKu1s6X20Tk+lYx09s3uDnQ6oGO5RGsjjBfqsqbNeVX+N7n20u4tCV/ppR+e9lqsideckdT1tG29pWRNd/366UaGFCXsO1eVG5jGMl3b4Nm/vve84Q5wzja4NmXSp/acmYju+/PNt/2afG4lpG+nWG/yzaA3tdtWrBqtjCUA6/8vXycRr6XaebWXqaePRHb/3jJMKxuaNWs8pTtrZTS+z1BqLokK5Nd+vnDXd9BoI+qRbD6Q9dTQr3nSt+6b80QcrakH9mptbxsKz8TKNfrbOzMJm/ToNyfrX4JA1nc1wwyz8xahE+mjToj1ZuAvfGojRfT5RCs++7RA0MyIgl0/T/xWQtajMr1lNbF4bO2zr4/25Eu1z91oHL39yx6JnyPYJ1DLqceeZp2lpGU/2OX2dFsMTrv6XaJvY2dkqF46cPVvuvr2Ajcg+LNOp4uWOW0YWvNqAaxzpL083JR1jly5rX1KM1TbvOXm4GfPnZqxkX3Mk+CnsUpD7raDEmg57OlttaQtjYu5rUOKd/STncHd65wb1PnE6aJem1SsD5p7HQOo+vVRYV+VZy0+OQHcVunPa13Cq97b82VWw91P2FtSwtWzR3gNd4J3qp3wdJTuo9TSnLruTajyUJ0VZiOQiMHd+TA3lrbijIF3vItGZYBMfQiWFczpnLhe4Q4bblRL9BGHsTS96dkHggWgnVIIE89pFBt1iRly20CrVO6Hm6JPi3UjHRf5e9RBRrB6jEybtZhLcPaWx8566bFEzzJss685ut7BMuAv6wIlgjVjxc2XFo+ZvhJWZYW56jrdmxreLhgXcmmcialp34GMO6a8JQs6wnTQom9vE9PTnF4z3LgRbVtdoalF89r16W8idTR+s5s3rPi9gmC9YQscla8XG5n1gDKGymfIFKlM/Tt/6jTpfJuYcSNpAjWZZnpd+EMwdo7gM3C3bx+JI9rKk9wWHHncnRfdR8RrNG0H1r/DMEqF59n7YWy5NInLMDrDATBshR9gWyZIViBcN3qSvQBre+iRTzLninhrfDvczGC1YdjTS3lwnS0LCT6XbTo/+HUxPDyMgjWXBdEFq3oGQhvQ5o7VjZbQ7DmOyHqyZVlv6LFlj5ah31Y88fNvy1GC6pFGJubLQd3hDWf6HuxnrI9pTmYZ16AYM2k/f+2ok0Po/WnjAzWsNaNlf9aRrDWO6F8qNbzYnzkvVjR1+jWj4QKCxCsCkgTimxtrvUoXJE3yCJYEwbCWRMI1hmhed/vPRHgRbg+Tyl9o3BFOxdL+8eLT+ZF76SWEKxJoBua2RIu2eMkL7Sw/IYabXfEu2gIVkMQjyqKYI0ie79ebxlX5PUr8SaCdT+mb9eAYN1GOLyCvfUtybqsPERdvmQ0YlxpP0TYhjI8cEc0EDGwRnCyUKfFhfmtQxijru/ojaNR+2ghzg9tQLDMu+gNAy0IlwjVdyklecu1/kQ+74spoYGxgmAZcMIFE47Wt0ZMFWtesxZZrFjDuhCkIy5BsEZQnVfnnnCJBTJtkQxIpjLy2Vrv0ifA5p/zueUSG/nnox7JHcHPDK2njaJPhjWKbEO9CFYDLMNFj4RrlNkWX602qq9lhhU9mxzJ8VbdCNYtfOYulixJ/klmVHt+fksncpZm+fVqLf1pKUuG1UJrUFkEaxBYQ9XmzaZfHtikz9ffmz4e/d1Qd4eZgmANQ1tfMYJVz4qSzyaAYBnwP4JlwAmY4IIAG0cNuAnBMuAETHBBgI2jBtyEYBlwAia4IMCU0ICbECwDTsAEFwQ4cdSAmxAsA07ABBcEECwDbkKwDDgBE1wQiHyaqgsHiJEIlhtXYehiAgjWYgcgWAYcgAluCGjB+iKl9K0bywMZSoYVyJl0ZSgBeRogPwzOs4RDUe9XjmAtAk+z7gjo9y4iWIvch2AtAk+z7ghEf7O1C4cgWC7chJFGCPBuwsWOQLAWO4DmXREozx3jbPfJ7kOwJgOnOdcEymmhdCbaC2NNOwjBMu0ejDNIwMJLQAximWMSgjWHM63EIlC+h1F6l09htfKuyFjEX3qDYIV0K52aQOD1xmvOcrMiXvLJp71OMOcZTSBYz/AzvRxDYCvT0i39llL6CeHqBx/B6seSmp5JoPaNRdxR7BAfCFYHiFQBAZVFnb2xCOG6ES4I1g14XAqBAwKSee2JF2tcF0MHwboIjssgUEngSLikCsZgJUhgNYCiKARuEthb62LjaQNY1L0BFkUh0IGAfrEt61mNQBGsRmAUhwAE1hFAsNaxp2UIQKCRAILVCIziEIDAOgII1jr2tAwBCDQSQLAagVEcAhBYRwDBWseeliEAgUYCCFYjMIpDAALrCCBY69jTMgQg0EgAwWoERnEIQGAdAQRrHXtahgAEGgkgWI3AKA4BCKwjgGCtY0/LEIBAIwEEqxEYxSEAgXUEEKx17GkZAhBoJPA3TrOPpiscYYMAAAAASUVORK5CYII=', NULL),
(10, '9f278d0784cc6c2881e8a88940cff270cf58dee0ecbb1e3328dbba1f73b09d9c', 'Dhimmar', 'Jay', '2025-04-28 15:59:54', 1, '2025-04-28 15:59:32', '2025-04-28 15:59:54', 'data:image/png;base64,iVBORw0KGgoAAAANSUhEUgAAASwAAACWCAYAAABkW7XSAAAAAXNSR0IArs4c6QAACstJREFUeF7t3YGV7DYVxnGlBCqAVEA6ACoJJUAFQAWkA0IJVACpIHRAqASeyPpEKzwztizJV/t+c07Oy761pKv/d+d7kizLXyQfBBBAYBECXywSpzARQACBxLAkAQIILEOAYS0jlUARQIBhyQEEEFiGAMNaRiqBIoAAw5IDCCCwDAGGtYxUAkUAAYYlBxBAYBkCDGsZqQSKAAIMSw4ggMAyBBjWMlIJFAEEGJYcQACBZQgwrGWkEigCCDAsOYAAAssQYFjLSCVQBBBgWHIAAQSWIcCwlpFKoAggwLDkAAIILEOAYS0jlUARQIBhyQEEEFiGAMNaRiqBIoAAw5IDCCCwDAGGtYxUAkUAAYYlBxBAYBkCDGsZqQSKAAIMSw4ggMAyBBjWMlIJFAEEGJYcQACBZQgwrGWkEigCCDAsOYAAAssQYFjLSCVQBBBgWHIAAQSWIcCwlpFKoAggwLDkAAIILEOAYS0jlUARQIBhyQEEEFiGAMNaRiqBIoAAw5IDCCCwDAGGtYxUAkUAAYYlBxBAYBkCDGsZqQSKAAIMSw4ggMAyBBjWMlIJFAEEGJYcQACBZQgwrGWkEigCCDAsOYAAAssQYFjLSCVQBBBgWHIAAQSWIcCwlpFKoAggwLDkwDMCf08pfffpgj/ChEAEAgwrggoxY8gm9Ye30H6TUvpHzDBF9TkRYFj3qL2NXHLrr4wg//7XVZj55yPlrvSOYV2hp+wQAgxrCNanlZZGMKP1bGwt07psqptRypMZSmnjJQGJ+BJR9wuyCWQzmP05O637z1uA2fByWR8EbifAsO6VYBvBlFO+X72FVE8Dr0Z6RutyFPinTw1bdL9KX/kuBM4kcZcGVXKKQG1o+edsaHvrWlvF29pWngbmz/bzqzWvMjCGdUomF88iwLBmkW5vJ5vUX1JKPzSuRbW0vE0Hc1k50kJQmSEEJOMQrN0qfbTeNXKaVrcpR7rJqaKrBCTjVYJjyz+7ozjKtEwHx2qq9gsEGNYFeBOKllOzbFDbRs6t6RGmVbfZc8E9j95yH/Kff/00zf3tBIaa+EAEGFZsMeutBXtTxLPbFZ71uB7R9TTEvdhtmYidf+GiY1jhJHkX0GZYpXHsTRN7mda3KaWviwh61ZurLEduZSd7thFbTdFdJsCwLiMcWsGeYeUG90yrx2ioNpVe+VHWu+2836a3RllDU+hjVd4rIT8WlRi9efUsX/noTI81rXrK1sMA6zo3c3InMkaOLRcFw4orWTk9e6TTv1JKv6i60Go0PdevysX10kyzYW2bXsvHk+Rh3DwMFZlECSXHu2COPny8N9JqWReq62mpY8+ocqeyiW5mlX82woqbd6EjY1hx5Xm0frUXcb32lM1hM4mjPWxdv9pMajOiur29EV85mrOGdVQh13nsImgOlCOQI1O8qzviH6017eHZnm/c9lM9QvgsboYVNPGih2WEFVOhlt3mr3bFl1Oyutd12bypM6+hbZ9sUnm7Q36e8dUpEkcMlmHFzLvwUTGsmBKVX+gzGmUzyWW3I2pm9e7sFLS+WXCmj7P6pJ2ABCRKQFHeDvi7ctrn6FNNt71Uz0Ztz8iW62V51PZlTBlEFY0Aw4qmyI/xbHfsjkyvnvWgl3FlY/pbSumfB86SP0K03kjqRNMj1Fxj0T1oDpy5Q3ikC3m0lv/Le7Z+XhX4WUrpl8Xf1etXZw7+OxJLz/1eR9pzzQciYIQVU8zehnVmFNay/+oMRYZ1hpZr3xFgWPES4uyWhqs9qDeMjs6J1v1eV/up/AcgMDo5PwCi6V0oDWv0aCd3buT5VzW8er+XM7Gmp9faDTKsePq1bmlo6ckdj8i4Q9iilDL/I8Cw4iXCTMNq2aB6ldj3KaWvikqu3gm9Go/yCxFgWPHEmmlY5frVTOOo17Fmth1PcREdJsCwDqOaduFMw7rrdV6P9odl48qfnufITxNOQ+MJMKzxjM+2cPRYmbP1PlsA/31K6ZurFZ4s/2pT67abvqy2fCt2/n3eV/bs+cbymrKef3sBxkm1glzOsIIIUYQxy7BmjuQeUX5lWqPVMRUdTbhz/QyrM9AO1c0yrJmbU19hudO4nMf1Sp1Av2dYgcQo1m+2FzSM2od1x93BI6S3R4jy1O/RMTblVPHRY0PbMcy5zfL/t2Ny6mOlmdYRdQJcw7ACiFCFMGOEFWE6eIR8aVo9n2ns/QKPI31xTQcCDKsDxM5VzDCsSNPBzvgOV1ebllHWYXT3Xciw7mN/ZCF6xJQw6nRwthKj36I9uz+fRXsMK57Mo58lvGvvVTTSv0sp/bkKasQ/ENH6vXQ8DCuefCMNy+jqJ72NsOLl/suIGNZLRNMvePXG5ysBrbLYfqWPR8vubaUwwjpK76brGNZN4J80O3KEZbH9J/B7huX7EO/78C4iAsUTaNQBfiNHbvEovo5o7+WzzpZ/ze3WKxjWrfh3Gx9lWEZXz0dXHtOJ9134v4gYVjyRRhiWxfb3OpsOxsv7QxExrEOYpl5UGlavzYy9Xhs2FcSgxvbuDhpdDYLdu1qG1Zton/q26VsPwzK6Mrrqk5UBamFYAUTYCWGUYdH7x8MBt4fLM3qjq5jfgd2oJHBMsXruRrfY/l7jO168ETPLFoyKYcUUrdcD0DaKPtY3G1fPEyBiZtIHi4phxRS0l2FZbI+pr6gaCTCsRnCDi/Xa5LlNB+k8WDDVzyEgkedwPttKD8PaTiOwqHyWvuvDEmBYMaUpF4ZbX+dudBVTW1FdIMCwLsAbWPTq5tFthGZ0NVAkVc8nwLDmMz/S4tVb7wzrCGXXLEeAYcWU7KphmQ7G1FVUFwkwrIsABxWvDevMwXJGV4NEUe39BBjW/RrsRVAb1pm1qG10dcbkYlIQFQIVAYYVNyXKx3OOGpad7XH1FFkHAgyrA8RBVZSGdfTUBtPBQWKoNgYBhhVDh70o6hd9HtHKYntcPUXWgcCRL0GHZlTRQOCsYRldNUBWZC0CDCuuXmfvFHrQOa6WIutEgGF1AjmgmjN3CstraTpADFXGICC5Y+jwKIqjC++mg7F1FF0nAgyrE8hB1XyfUvrqre4fUkpfPmjH3qtBAqg2FgGGFUuPOpojj+jYexVbQ9F1JMCwOsIcVFU5LdzbvW6xfRB41cYjwLDiaVJHVG5v2DMse6/iayjCTgQYVieQA6spDave8f5tSulrr6oaSF/VoQgwrFBy7Abz7DA/i+3x9RNhRwIMqyPMQVU9WnjfFtuPPmc4KDzVIjCPAMOax/pKS3vrWBbbrxBVdkkCDGsN2famhaaDa2gnyo4EGFZHmAOrqqeF+U06ebHddHAgdFXHI8Cw4mnyKKL69IZ83dGD/dbppUgReEKAYa2THvUoK0fuGOR19BNpBwIMqwPEiVWUj+F892lKmE3MB4HPhgDDWlPq/Br6b9YMXdQItBNgWO3slEQAgckEGNZk4JpDAIF2AgyrnZ2SCCAwmQDDmgxccwgg0E6AYbWzUxIBBCYTYFiTgWsOAQTaCTCsdnZKIoDAZAIMazJwzSGAQDsBhtXOTkkEEJhMgGFNBq45BBBoJ8Cw2tkpiQACkwkwrMnANYcAAu0EGFY7OyURQGAyAYY1GbjmEECgnQDDamenJAIITCbAsCYD1xwCCLQTYFjt7JREAIHJBBjWZOCaQwCBdgIMq52dkgggMJkAw5oMXHMIINBO4L80EoumfO+LmQAAAABJRU5ErkJggg==', NULL),
(11, 'f405e9b230069952014449151a8527dc0cc29cdba9d2b57d71ebd978d463cf0f', 'Dhimmar', 'Jay', '2025-04-28 16:05:36', 1, '2025-04-28 16:05:16', '2025-04-28 16:05:36', 'data:image/png;base64,iVBORw0KGgoAAAANSUhEUgAAASwAAACWCAYAAABkW7XSAAAAAXNSR0IArs4c6QAACfBJREFUeF7t3dGV/DYVgHGng3SQUEFCBUAlSSchFaQFKIAHKgAqgA6ACsID72TvySoRir2WPR6Pr/Wbc/b8T7Ie+c53r7+VZFnzyeSFAAIIJCHwSZI4hYkAAghMhKUIEEAgDQHCSpMqgSKAAGGpAQQQSEOAsNKkSqAIIEBYagABBNIQIKw0qRIoAggQlhpAAIE0BAgrTaoEigAChKUGEEAgDQHCSpMqgSKAAGGpAQQQSEOAsNKkSqAIIEBYagABBNIQIKw0qRIoAggQlhpAAIE0BAgrTaoEigAChKUGEEAgDQHCSpMqgSKAAGGpAQQQSEOAsNKkSqAIIEBYagABBNIQIKw0qRIoAggQlhpAAIE0BAgrTaoEigAChKUGEEAgDQHCSpMqgSKAAGGpAQQQSEOAsNKkSqAIIEBYagABBNIQIKw0qRIoAggQlhpAAIE0BAgrTaoEigAChKUGEEAgDQHCSpMqgSKAAGGpAQQQSEOAsNKkSqAIIEBYagABBNIQIKw0qRIoAggQlhpAAIE0BAgrTaoEigAChKUGEEAgDQHCSpMqgSKAAGGpAQQQSEOAsNKkSqAIIEBYagABBNIQIKw0qRIoAggQlhpAAIE0BAgrTaoEigAChKUGEEAgDQHCSpMqgSKAAGGpAQQQSEOAsNKkSqAIIEBYagABBNIQIKw0qRIoAggQlhpAAIE0BAgrTaoEigAChKUGEEAgDQHCSpMqgSKAAGGpAQQQSEOAsNKkSqAIIEBYagABBNIQIKw0qRIoAggQlhpAAIE0BAgrTaoEigAChKUGEEAgDQHCOi5Vf5mm6W9vzf3+uCa1hAACNQHCOqYeQlLfvDf1x2ma/tDR7G9Xjvnr++/Lvx1NOgSBexMgrGPyG4L66pimZlv5tvm/ITEieyJwTV+TAGEdk5foLcWQ8BWvIrMeidW9OsJ7Rbac8yEChPUQvtk3FynEv7956wmtDf2OjOC/0zT9aZqmL94b/U/H+UNc/56m6V9v7zH/dmQ2tHU4AcI6HOligyGu8hMim3uFYOIV/8bPl+eF99OZQmBuHrwAvFOuEyCsdUZHHFH3uqK9I3peIZZP36UWPaTPOgKN4WMZOtYxfb4wB1cf39G8QxB4LgHCOo7vUu+pZ0hYzydF76a82nmmnnmnMqz7SIpxJ/PrmY9ePkO541kOCXEZLh5XK1raSYCwdoJ7H96VC7tHSjFHFD/xCimdtWyhiKaVUMTxkYjifbX0SGt/rXjnQQQIazvI9kJuW6h7QfVyhJ7e0fZotr1jbvnFmoji7mcR8tqx26JxNAIbCRBWP7B6cWj9rjJJfVaPqT/i5SPbz/K7lXVdtbSWhpNHxKUNBD4kQFjrBTK3xirkVK9/Wm/lekf8821Ffky2xyuGqr9aCfF/1e/1tK6XzyEiIqzlNIeovmuWFhRRXWF492iB1gKKttZqoRX32vGPxuf9CPyCgKKbL4p6CFSOWBs2ZSuvWlgh4Ph8a696KHk3Hmuf3e8vQICw/j8Jc8O/uw5/COsCF6AQthEgrJ95tbK60/CvrYp20r1XynpY264vRx9MgLB+BjrSpPIRwjqqduIPRawRK0sn/jFN05/f0mKh6sEX+x2aO6rosrOoL+De3kbWzzw37O2tg3pu79E5rLUdLu6eh6z189K4ewv1pUE++eS1rHonn58c0lObb28obBFD+9690lpa09Z+8L3tPxWgxl9HgLB+3MdqlJXcc6LYUgN7b0oUvvXQr636ss1NPMRdjh/hD8jrrv6EZ95SrAk/3mrIIw0FA0a79mpPDyYkMrc9TlnxH+cpv+95xrK9uWG912rZjnvA6MI6ck7m6lX0yFBw7S7j3s8+NxxthbVHqnvj8b6LExhZWPWDwFvmcS6e0tnw2qHgUc8D9s5FzQ3/yl5b7e9aYcXOFj09tYx5EfNGAiMLqx4e3ZlDK4BnyLneg2uuBINv8O59/nLrY0Mby97hWQnc+UL9KCcjzV1lvPiPuhuZ9boU9wKBUYU1yiLRIybZX3HxENYrqCc454jCaudd7spg72r2K5Rtxl7hFbjdPoa7XqyjDwczy2pu+cWIdXp7+ez5gCMWQv3X+463zI9cvrCnpo54T52jeLbw10c0qo38BEYT1t0XJbayyrpS/Pv3rzCLK6xnN9T8V6JP0EWAsLowpTjoLrIK2PVnySrdFEWTLcjRhHXHCfe9z/dduVZb+Y5Wp1fOzUtjG60Q7rYzw103HfR4zku1cN2TE9Z1c7MW2R0m15c+4xmr89f4+v0FCYwsrGc8onJGiue+yPWOdzvbtVhZ83VGTQxzjpGFlXEyN/v6qi0X1tKD1eV5RFsob6F5k2NHE1a9Q8NROxacUQrtvudxzjv2qlqW9Ze9LnEmsDMq8CLnGE1YGXcXnVuusLQ1y0XK6tAw5r4jcukEZRNBva9DU3CdxkYW1tWHhHdcrrC38vfsu1XkFf/e4Zu697K71fsI63rpnBv+3fk7ErdmoGzmV+8T39NGrJiPaYB4FYERWQ+5Cx0zmrDav9RXmwea60m4O7Z+wYS84if2kt+6O2krrdjhtEiN0NbZn3rEaMK66oLEuaUKelX7L4V2B9StEmvPXL7RJ3pphpj78/LwO0cX1qt7L4Z/D5fw5gbqCfn42rG9r/pbgkzy76W48X2jCSvwXGG3UaLaWKgnHN72wur/7hlqmuQ/IUkjCuvv0zR9Wc1TxDzWWS+iOov0885T5sviDB/10GKC3xDy4DyMKKx6MeKZey2Nvp7q4NK9THNbJvwNIx9M24jCOnNIWIq5/ktsMv3Bor3w20u+P5+m6auOOF89h9oR4rUOIaxpetaEabtEgaiuVftnRVPfsVy6W0lcndkYTVhnPDzc7rkV63rcCu8syAEOi/qY64GRVkfyRxPWs9ZhmUzvKDaH/ILAGX9Ab4V9dGE9MulePxpSd/Wv/ozirQr4Bh/Gl8ZuSOJowgo0S0//16uZ23mtIqSvp2n6bOHxD3NUGwrPoT8RsLvqhmIYUViBp2efpTguJPTRYx0ktaHYHLpIoEhL73ylSEYVVmApvajexzPKg7Am0ZkHgRcRGFlYc8jbrUvKMe7yvahAnRaBmgBhqQcEEEhDgLDSpEqgCCBAWGoAAQTSECCsNKkSKAIIEJYaQACBNAQIK02qBIoAAoSlBhBAIA0BwkqTKoEigABhqQEEEEhDgLDSpEqgCCBAWGoAAQTSECCsNKkSKAIIEJYaQACBNAQIK02qBIoAAoSlBhBAIA0BwkqTKoEigABhqQEEEEhDgLDSpEqgCCBAWGoAAQTSECCsNKkSKAIIEJYaQACBNAQIK02qBIoAAoSlBhBAIA0BwkqTKoEigABhqQEEEEhDgLDSpEqgCCBAWGoAAQTSECCsNKkSKAII/ADZQW+m6Jk04AAAAABJRU5ErkJggg==', NULL),
(12, 'bd6ee440339df5513c2093165cdaf6bd836174e3802f1d400628cbdb58666ec6', 'Dhimmar', 'Jay', '2025-04-29 05:21:45', 1, '2025-04-29 05:19:47', '2025-04-29 05:21:45', 'data:image/png;base64,iVBORw0KGgoAAAANSUhEUgAAASwAAACWCAYAAABkW7XSAAAAAXNSR0IArs4c6QAAC9hJREFUeF7tnYuV3TQQhpVOQgdQQUgloQUqSOiADiCVJOmADoAO6AAy4U5Wq8iWNJZla/Tdc3IWdvWa7x//V5JfLwIfCEAAApMQeDHJOBkmBCAAgYBhkQQQgMA0BDCsaaRioBCAAIZFDkAAAtMQwLCmkYqBQgACGBY5AAEITEMAw5pGKgYKAQhgWOQABCAwDQEMaxqpGCgEIIBhkQMQgMA0BDCsaaRioBCAAIZFDkAAAtMQwLCmkYqBQgACGBY5AAEITEMAw5pGKgYKAQhgWOQABCAwDQEMaxqpGCgEIIBhkQMQgMA0BDCsaaRioBCAAIZFDkAAAtMQwLCmkYqBQgACGBY5AAEITEMAw5pGKgYKAQhgWOQABCAwDQEMaxqpGCgEIIBhkQMQgMA0BDCsaaRioBCAAIZFDkAAAtMQwLCmkYqBQgACGBY5AAEITEMAw5pGKgYKAQhgWOQABCAwDQEMaxqpGCgEIIBhkQMQgMA0BDCsaaRioBCAAIa1Vg78GEJ4G0L49Dnsd2uFTrQeCGBYHlQsx6BGJT/18zqE8LFclRIQuA8BDOs+WvQeSc6k4j4wrN7Eae90AhjW6YiHdlAyKZlR/cLMaqgmdNaRAIbVEeZFTdWYlAwNo7pIILrtRwDD6sdyZEslk5KxMJsaqQh9DSGAYQ3B3KUTTKoLRhqZmQCGdW/1SialZ/lY7t1bR0bXiQCG1Qlkx2bEpOTfq8fPtGkxKbmOSn5yWUJH8DR1fwIY1n002ptN6X6U7k3dZ9SMBAIDCWBYA2FvdLVlVGyaX68NI7gZAQzrOkFyRsVM6jo96HkCAhjWeJH2jIo9qfF60ONEBDCssWKJWX2IutSzexjVWB3obVICGNYY4eTJCHrWT8/y8bSEMezpxREBDGuMmLoM5HqpMbzpxSkBDMupsIQFAY8EMCyPqhITBJwSwLCcCktYEPBIAMPyqCoxQcApAQzLqbCEBQGPBDAsj6oSEwScEsCwnApLWBDwSADD8qgqMUHAKQEMy6mwhAUBjwQwLI+qEhMEnBLAsJwKS1gQ8EgAw/KoKjFBwCkBDMupsIQFAY8EMCyPqhITBJwSwLCcCktYEPBIAMPyqCoxQcApAQzLqbCEBQGPBDAsj6oSEwScEsCwnApLWBDwSADD8qgqMUHAKQEMy6mwhAUBjwQwLI+qEhMEnBLAsJwKS1gQ8EgAw/KoKjFBwCkBDMupsIQFAY8EMCyPqq4dk7xlW/69WxuDz+gxLJ+6rhzVv4/gf8G0/KUBhuVP05UjklnV2weAjyGE1yvD8Bg7huVR1TVjis1KCGBYDvMAw3Io6qIhqWG9DyG8eTAgv50lA4I6E3ThcOK9K10Wkt/OEgJBnQm6aDg6u5KNdlkKfnhw+DmE8OuiTFyGjWG5lHW5oHR2JZvsckkDG+9OUwDDcirsQmGJQcmMSjfZOVPoWHwMy7G4i4QWLwflv9XAOFPoMAEwLIeiLhaSLgc1l2PDEhTkuKOEQExHYi4Yis6u4muuMCzHiYBhHRNX9k4+PfZP5KDhM5ZAuhzU3nXWJf8vG/FoM1aX03rDsOxo0yurpSXuX7PztNRMl4MYloXiRHUwLLtY6dIjbkmMSz9yil2vD+Kb3s47ran8c18SMvOVvzPD6sf7Fi1hWHUyiNG8ehRNzUcfY6LX/my1yL1tdaxrS20tB6V+bFjMemuJTlAOwyqLlFv6bS3/tspKeQyrzLqlxNZyMDUsubfwp5aGKXtfAhhWWZvS0i/3oDj2t8pcj5TYm11Ju79HN0Cz6X6EtK2uLse1dretEAyrLMieYW3NtOJWVbxuopWH7L7E3uxKgo+/MFgS9k+H2JB0KyQ1qbjXbqsLDKtOzPg0+R8hhO+TanyL13HsUao0u2IPqwflpzbUiOSn7OPuGdNWz92+NDCsOnHTs07yrZIKh2nVsTxaKr7ReWvWynVY7ZStxqQa6PWIac9dVxYYVp2wubNO8e+klW7T3rohLVkqfkjf3kZ6bFjk+LepYjGnnDF1NaOajEbMGkrP90TUmHJ7W5hWHU9rqdoXTMSGxTOxnlYDuZVBTgvJ43jGNNyYthIEw6o7dOKzTn+FEL57VMuZFqfR65i2lqrZu9I2//x8pvBl1MFqy3V91VnNnlNsTrcxJgyr9fB4Xn7vGUvp0lBqrnaAHKNbV7tm70pb2jqzKwfk34/LHm5/cNZh+VpKH1xYOlsnFfROjOkYMMOqy4rSQ+HSb3RMq45rbamW2ZW2mfsiifub/XYpNabSMk9MSWOt5X3bchhWnTSlR5awn1XH0Vqqdu8qbX/vzgMt2+2UuzW4ynqtBiXNTjeDKrHAsEqEnv5eOlXO1e31LFtKWmZXOeOS323d73k302o9i6ezKJcmFYuJYdUfOiXDkpZypsV+Vj3jXEnr7CrXVmmf5wrjar1qXE1pyeewYVj1B1O8J7J3+UJu7wTO9Zzjkj1mV7meS0vF3mfO0o3w3z7fkC1nm2uvGu89HpsaN6jFgVQvQrxPFV/akLbAflY9072SMcezZqkl40rHp8ahjxqK/y6XUbSY0F7suvfkZrO8T0rwgP4WjqWN99zMIP7dWQddSwwzlT1rdmWZcZ3JLb2C3N1GeU94zLDaaNbsY2mL3LrTxnbL8EfmaO3DGC2R6exM96AwJgPFkclgGN7tqtTuY8nAc0tDZll1kvbcaK/r8dtSur8k9yzKUk8+uaWgbH7L558QgjzJI/1gTFYFMvUwrDaYLctCaTm3RwLzfeYxM1i15af70iREm8SthiWtp0vDK06dt0V5bek7zK6uJUDvmwQwrPbkaNnHYmnYxnfkRnvbyCh9CwIYVrsMLftY2nq6NOQxNN9yj2ev5GV7Xi5Rg8Rol3nrUTOlllLTYgP+OTH9ImDJXMqkhf+OYbWLb9nH0l4ss7P2Ec5XQ82cmed82g0dMYbVjjs1rJaZUlqX2cT//FueddWuGDXcEMCwbFK2brzHvRwxPNto712r9jnt946C0Q0hgGHZMMeGZZkllR4IaBvVfLViDi0z1fkiZcRdCGBYNoxHDUt6jQ/WVZ8Dz0a7Lf+WrYVh2aTPvfbL0tLKMwyuaLdkzOJ1MCxbAsSGJfeP/WBr5kutVQ9crmg/kDSrVsWwbMrHL53YezZWbet68K5yWn9Vk67NB8ptEMCwbKnR+3qq+MyhZRPfFsU1tWKz8h7rNYQd94ph2cTtbVjp0tDzgcxr5G05R63P7yvDsGxp0OMsYa5n75vwzK5s+UatBwEMy5YKZxmWjCaevXnSZ6Vlry2rqFUk4OmAKAbbscAZS0IdXnxge9qE73UpSEcZaWo2AhiWTbHeZwnTUXibjbAUtOUZtRICGJYtJUYYipeD/MjTLWzqUMstAQzLJu0Iw0r3s2a9186L8doyhVpdCWBYNpyjDGt208KsbPlFrQ0CGJYtNUYa1symxTVXtvyiFobVNQdGvEY9HrD09/bxrkM5czjDK8yZXXVNORoTAsyw7Hlwxc27Rx4caI+0vSbP+2pnRo0KAhhWBaSNIpbrimSmJP/0bcDxW4VrR/ImhPDyUVhnWvqWYm1D2tff5fpK32Asby/W17TXjmOv3CzG2iNW2hhIAMOyw869il4MRD5qErKM009qKvaez6nZ6ywkS8Fz9KFVloSHcyD3KvqWRuXRNDpbOrOeGKj0s9dXD8OKX4Hm6Sr9Fm0oeyIBZlh94IpxyTIrN4vS2ZbOvuIZ2NHeLc+VipekR/tP63NWsDdR2ntGAMPqnxCxaalZ9e/lqcW7POGBpeCZKtP2FwIYlo9EuNq00qUxeeUjr24XBYl1O0nMA7rStJhdmWWjYgsBDKuF1v3LXmEczK7unxduRohhuZHyayCjZ1pnPszQnzpEdIgAhnUI320rj5ppcUX7bVPA58AwLJ+6SlRnmlZ8b6MS7HEdl181iKwLAQyrC8bbNpLuL+m1YEduw4lvScKsbiu9z4FhWD51TaPKXZH/PoQgV9rXmleuDbnOrPd9iGsoQpQmAhiWCdu0lbZuJYrvgYwvds0t/TR4z+9OnFZg7wP/D7T9/aYs7MXYAAAAAElFTkSuQmCC', NULL),
(15, '3dff79cff96f9eb27fc57d7c8e9cc1cf07c1a66ecc064aa6f97d7f5d35b7de11', 'Dhimmar', 'Jay', '2025-05-02 05:39:00', 1, '2025-04-29 07:22:12', '2025-05-02 05:39:00', 'data:image/png;base64,iVBORw0KGgoAAAANSUhEUgAAASwAAACWCAYAAABkW7XSAAAAAXNSR0IArs4c6QAACqVJREFUeF7tnY2R3jQQhpUOKCFUEqgk6STQCamAEiAV0EJKoAPIzn070fnkz/q3Vvt4JhO4k2Tp2fWbXVmW3gUuCEAAAkYIvDPST7oJAQhAICBYOAEEIGCGAIJlxlR0FAIQQLDwAQhAwAwBBMuMqegoBCCAYOEDEICAGQIIlhlT0VEIQADBwgcgAAEzBBAsM6aioxCAAIKFD0AAAmYIIFhmTEVHIQABBAsfgAAEzBBAsMyYio5CAAIIFj4AAQiYIYBgmTEVHYUABBAsfAACEDBDYAfB+iWEIH/0+s0MfToKAQgUEbAsWCJMn09G+/vj54hXkTtQGAJrE7AsWP9loP0SQviUUY4iEICAAQJWBUtSwL8y+Uq0RaSVCYtiEFiZwA6C9S2EIJGUXqk08dfv81x/r2wI+gYBCFwT2EGwRIhEkPQ6i76sjvXaipSAgBMClh/ieA7rOI7UhDypoROnZpj7ErAsWDKHpcsZUilf/Hu1IKnhvr7MyBwQsCxYceqXehuYSg2Jshw4NUPcl4BlwRKraBR1nMdSix2jrLNy+1qYkUFgIwLWBSsWrVT0lIqydhjzRi7IUCCQT2CXh/dZpHWMspjHyvcPSkJgKQK7CJZAlTeDElHJ28NnyxwQrKVckM5AIJ/AToKloqULRzVFPKaFTLzn+wclIbAUgd0ES0XrwyPaUnGK00Im3pdyQToDgXwCOwqWjl4Xj4poqYDJ7xCsfP+gJASWIrCzYMUpoqzT+hiR333cSzkZnYFALwIeHtzUZzpMvPfyINqBwEQCHgRLcMrE+58hhJ8ebBGsiU7GrSDQi4AXwVLR0j20ZEuan3tBpB0IQGAOAU+CJUSPu5QSac3xM+4CgS4EvAlWvLxBJ+JZl9XFlWgEAuMJeBOseBGpRFfy/7rQlGhrvL9xBwg0EfAsWPF6rHjNFvu/N7kUlSEwjoA3wRKScVoYj1+E6v1jvRbR1jifo2UIVBPwLlgpYSLaqnYnKkJgLAGPgnWcx0qdphMvNmVSfqwP0joEsgl4FKx4ecPVd4XxPlsiXBwVlu1aFIRAfwLeBUuIXjEg2urvd7QIgSoCVw9rVaMGKl2duHMcAntqGTAqXdyfgFfBiqOmkjeCRFv7PxOMcGECXgUrjphKJ9WPuz+U1l/YHegaBNYm4FWwSibezywYC5dMxjMpv7av07sNCHgWrLMFpCVmJdoqoUVZCDQS8CxYOeuxcvEiXLmkKAeBBgII1gu8kon3nBRRypAmNjgmVSGQIuBZsITH1VH3NV5DtFVDjToQyCCAYL1sMXO14j0D5ZsiCFcNNepA4AkB74LVcx4rhRnR4vGDQEcC3gUrTgtHrqdCuDo6LU35JYBghTBrO5nUcWMjRdKvVzPybQkgWC+m1cMpZvAg2tr2cWJgownMeEBHj6FH+/q2sMfyhpz+6F7y8rdeRFs55CjjmgCC9WL+EcsbchwrFW3JG0v23cqhRxl3BBCsF5PHbwvvYEKa6O7RY8A1BO54OGv6OaPO7LTwOCairRlW5h6mCSBYP8x3V1qYI1wcPWb6MaPzvQggWD9I3p0WxjYVgfrwSFXl57p1DXNbvTyfdkwSQLBem02XN8x6W3jlNMxtXRHi964IIFivzb1KWhj36rgEYsR3j66cnsHaJYBgvbbdSmnh1dzWlxDCJ7uuR88hUE4AwXrL7O63hc+syOk95T5OjY0IIFhvjamisHLqxdzWRg8hQ8kngGCdC5b8ZpXJ95RFU28SWf6Q7/uUNEgAwUobbcXJ9zP3Op7eIyLLBYEtCSBYabNaSAvjnh9TxJUjwy0fJAY1hwCCdc555cn3VK+ZkJ/zzHCXGwkgWOfwNWpZefI91fv4vEW2rLnx4eLW/QkgWOdMV16TdeUJzGtdEeL3JgkgWM/NZi0tfDavRbRl8hGl0zEBBOu5P1ibfE+NJo62+Iia5980AQTr2nyWoywdHQtNr+1MCQMEEKxrI806Vee6J20l2CCwjR+1FyCAYF0bYYe08CzSkp8zt3XtA5RYhACClWcITQt34JU6H1GWbnz9joJPe/L8gVI3EdjhAZyBTqOsXaKR1DFjRFszPIl7NBFAsPLx/RNC+PfxQXR+rbVLxotMtacSbenbxLV7T+/cEUCw8k0uD7dGITvtrZ5KEYm28v2CkhMJIFj5sHdLC+ORI1r5fkDJGwkgWGXw5ZAKa98W5o7w+PE0KWIuOcpNI4BglaHeYRHp1YhT81qkiFfU+P0UAghWGWaNQnbfb4oUscwvKD2JAIJVDnrntDCmcZYi8j1iuc9QoxMBBKscpIe0MKZyliLuHmWWewY1hhNAsMoRe0kLc94iIlrl/kONBgIIVjm8nb4tLBk981oltCg7hACCVYfVW1qolESs5bTpjwdsRFp1fkStQgIIViGwR3GvgqW0UtHWLt9Z1nkEtaYQQLDqMHtNC4+02Biwzn+oVUkAwaoEF0KQ5Q1yeWfImYj1PkTNQgLeH7ZCXK+Ke08LYxjHfePZV6vFs6h7SgDBqncO0sK37ITJTjtZ1HsHNYcQQLDasHpZ9d5GidoQ6EQAwWoDSVrYxo/aECgigGAV4XpTmLSwjR+1IVBEAMEqwoVgteGiNgTaCCBYbfyk9k4n6rTTaGuBSfs2ftvXRrDaTbzz1sntdK5bOJ7gw4r5a2ZuSyBYfUzP28IyjiJS8ufD42+pzWk9ZQxdlkaw+ph91xN1+tD50UrqPESEqjfljdtDsPoYl7TwnKOKlJSQ/9aLnUv7+J6rVhCsPuZmecNbjkRTfXyLViICCFY/d2AR6UsE9fkQSTE/1c/H3LeEYPVzAa+CpWneUaiYm+rnW7T0IIBg9XMFb2kh0VQ/36GlTAIIViaozGK775F1NoFONJXpIBRrI4BgtfE71t41LWQCva+f0FolAQSrEtxJtZ3SQl3cKXNT8UU01ddnaK2AAIJVACuzqKaFFk+SSaV8Xx/bQeu6qUwMFINAfwIIVn+mmhZKJCKiZeFiAt2Cleij+wMURriApoXS9sr/ICBSI6xPm0MJrPxADR344MY1ylpx5wGEarDxaX4cAQRrDNs4ylphLutMpGT0TKKP8QFaHUAAwRoA9dGkTr7fFWWdrZlCpMbZnJYHE0CwxgGOz+qbxfmZSCFU42xNy5MIzHqQJg1nudtolDXqjeHZd3wxCFK+5dyCDtUSQLBqyeXVi+eypMaXEMKnvKqnpVK7dR4Lq0hpVNV4S6pDYA0CCNZ4O8Spod4td15LI6jjdsKpXiNS423JHW4mgGDNMcAfIYSPiVvpse7vv0de3x77SMnP4p05n/WQdG+O/bjLIgQQrHmGSEVaNXcnkqqhRp0tCCBY881YI1yI1Hw7cccFCSBY9xlFJ8+lB5ISStoYX5ou3tdD7gyBxQggWIsZhO5AAALnBBAsvAMCEDBDAMEyYyo6CgEIIFj4AAQgYIYAgmXGVHQUAhBAsPABCEDADAEEy4yp6CgEIIBg4QMQgIAZAgiWGVPRUQhAAMHCByAAATMEECwzpqKjEIAAgoUPQAACZgggWGZMRUchAAEECx+AAATMEECwzJiKjkIAAggWPgABCJghgGCZMRUdhQAEECx8AAIQMEMAwTJjKjoKAQggWPgABCBghgCCZcZUdBQCEPgfV5yupmkmSIoAAAAASUVORK5CYII=', 'Test\n'),
(17, '1ae710797b98db9d7a0baee80c696a8e39fa04b6e7d18b090313ebcc337eff6b', 'Dhimmar', 'Jay', '2025-05-02 05:34:30', 1, '2025-04-29 07:49:50', '2025-05-02 05:34:30', 'data:image/png;base64,iVBORw0KGgoAAAANSUhEUgAAASwAAACWCAYAAABkW7XSAAAAAXNSR0IArs4c6QAADRZJREFUeF7tnYG15rQRRk0HKYF0ABWQVELSAakAUkFSAltJ2AoCFUAJdAA7yz+7s0K2JVuyZqTrczh73nuyNLojfWjGsvzZxgUBCEAgCIHPgtiJmRCAAAQ2BItBAAEIhCGAYIVxFYZCAAIIFmMAAhAIQwDBCuMqDIUABBAsxgAEIBCGAIIVxlUYCgEIIFiMAQhAIAwBBCuMqzAUAhBAsBgDEIBAGAIIVhhXYSgEIIBgMQYgAIEwBBCsMK7CUAhAAMFiDEAAAmEIIFhhXIWhEIAAgsUYgAAEwhBAsMK4CkMhAAEEizEAAQiEIYBghXEVhkIAAggWYwACEAhDAMEK4yoMhQAEECzGAAQgEIYAghXGVRgKAQggWIwBCEAgDAEEK4yrMBQCEECwGAMQgEAYAghWGFdhKAQggGAxBiAAgTAEEKwwrsJQCEAAwWIMQAACYQggWGFchaEQgACCxRiAAATCEECwwrgKQyEAAQRr7THw/bZtn79D8N22bT+sjYLeRyCAYEXwUh8bRay+flX947ZtX/Zphloh0I4AgtWOZbSafjMGv323wvpbtA5g73oEEKz1fC49lhDwW9P1vxMSrjkQovUawYrmsTb22tWV5K5EsLgg4J4AguXeRc0NTFdX/36tuJo3RIUQaE0AwWpN1H99dnUl1iJY/n2GhS8CCNZaQyFdXUnvGQNrjYHQvWWwhnZftfGsrqqRcYMnAgiWJ2/0tcWurn55bRglHOzLnNobE0CwGgN1XF26uhJT2c7g2GGY9mcCCNYaoyKXuyJ/tYbvp+olgjWVO3c7YwVLdrV/xUOXNRw/Wy8RrNk8mu9PulFUXsNhw+gavp+qlwjWVO7MdsauriTJrq/kkHCf3/fT9RDBms6lf+rQ/8yLzW/MCQ0I1vy+n66HCNZ0Lv2kQxL6iWDpZVdYPCGc2/dT9g7BmtKtHzqVhoOSbNdjZPD93L6fsncM2ind+qFTNhy0qysS7nP7fdreIVjTuvb9SsqGg+JrfVpI/mpev0/dMwRrXveme6/kZxUwBGtev0/dMwRrXvem4aD0VLc04Pd5/T51z0YOXPkIgiSB5astklORHdh6yWqA6x4Bu1lU/GwFbKTf7/WKu5cmMGrg7r3bZp2hIib/8gmqumFq+WqCXQWLhHsdS0o7IuBZsFJM5F3KB066nUF+JuFezo+STgmMEiz7BOvXbdvku3iln5kS4ZKLsHF/UNlwUDaIClteyXE6CTGrnMAowRIL00mlYZ8Kkf0MVa5HGjIiXJ/SScNt8bH9aOpIn5ePTEpCIENg5OC1SeC9vEqpeBEufnRuLhwk4c70n4LASMFKNzaevdtWkqgnXPx05apCnj4xnGLw0on1CIwULKGd7hUqCe9qVl2r5bpyu9vt73hCuN4cn6rHowXLTib5MMJfK+jKvTaZfHTrKiuv3HYGBKtiUFHUN4HRgpUm36/aUxIuqidmFq/cijWX0/I9KrEOAjsErgpES6B2kp3lsc7aLQ0XZxWv3JNXBOts1PD3MAQ8CFavkOWbbdu+MCdsnjkl+pPG3HaGq3nCM1b8HQJDCHgQrCcmVc3KK+r+rr2VlF11RRflIZOERv0Q8CJYaS7rX9u2/bcTphrxipTvyuWvareOdEJOtRBoQ8CTYOXOHy/Z5nCHhNRvjw0+qsv76iS312ovTLzDjHshMIyAJ8ESCCNXBKXi5XHVldvOIDwRrGFTi4Z7EPAmWDnRGrGyqRGv3qvAEr/v5a+ubMwtaY8yEBhCwKNgeREtdYgK0lHoKIl6EdZR53btbQ0h4T5kWtFoLwJeBUv763HCnQnYiJCxJH91d49brzFIvRAoJuBdsHJ5mBEh4hFQfUVIjnr+Oin4xKmpe/vY9vJaxYODghDwRiCCYEUQLevXo3cce6y+9vJXP7/OyxfbvIm8t3mAPUEIRBEsm0+yB/u92bbtH45Zn+35aiFgJQl3wkHHgwTTyglEE6xcQn50wruc9sdjnfdOU70iYLn8Ve6YmRo7KQsBlwQiCtbeaita2KOho/TnSMDOtk2oYNmzrqxgRePicqJglA8CkQVLV1sy2e0HLCJP0L0Q0n630QrYXjjICQ0+5hdWNCYQXbBmWW3l3Hq0AlNRtsJk81T297P4uPHQp7qIBGYbzOmrKJFXW+l4yu2+l1NaZTuFXOJLPYFVV5wz9T/i/MLmxgRmEyzBk5vYV5LZjVE3q+5MuLQhxKoZciryQmBGwbJhYu51mlnEK11N2jHFxya8zDDsaEpgZsGyoI4md1QBs32S/WgSHopQjXqfsenApDII5AisIljad01ky8pLjk/+SwJFJ/tb83v9nTchILHOnF6OwGqCVZLILhkEOWHT+2qEraZsznbZ0kGuqsRjlJmCwOqClYaN8nPpCaQ9BoAImKz6fjIhnrSTEzbdMIpg9fAEdbokgGDtu8Xug9JSIma5y25c7elou7LT3fH4sCdx6nZFgMHe3h0lr9y0bBUftqRJXa4JMNifc8/eKkx+Lysn/bucqSVP/CTxryu6vXulzFOru+dI0RIEdgggWPGGhj1vi2Nj4vkPi28QQLBuwBt4qyTc2Rw60AE0PYYAgjWG+91WRbB4OniXIveHI4BghXPZh283IljxfIfFNwkgWDcBDrhdD+cjfzUAPk2OJYBgjeV/pXV5JUeOlPF8lv2VfnEPBE4JIFiniNwVkI+mynaGs6OT3RmOQRC4SwDBukvw2fs1HCR/9Sx3WnNCAMFy4ohCM/SEBvxWCIxicxFg4Mfyp542Kgl3LggsRwDBiuVy8lex/IW1jQkgWI2BdqyO7Qwd4VJ1DAIIVgw/iZXkr+L4Cks7EUCwOoHtUC35qw5QqTIWAQQrjr94fzCOr7C0EwEEqxPYxtVqOMj+q8ZgqS4WAQQrhr/IX8XwE1Z2JoBgdQbcqHrCwUYgqSY2AQTLv//YzuDfR1j4EAEE6yHQN5ohHLwBj1vnIoBg+fen7G6Xi9dx/PsKCzsTQLA6A25QPfmrBhCpYg4CCJZvPxIO+vYP1j1MAMF6GHhlc+xurwRG8bkJIFi+/Us46Ns/WPcwAQTrYeAVzXG6aAUsiq5BAMHy62fyV359g2WDCCBYg8AXNEs4WACJImsRQLB8+pvd7T79glWDCSBYgx2w0zzhoE+/YNVgAgjWYAfsNL96OCgrTPlQ7C/v+Mz4/UX9HxJf766cfwhWJbAHiq/+dFBeRRIG9pppYqt/pX8/8MpV3YxCsOp4PVF65XBQ+55ynmli2z5yIGPljEKwKoE9UHzVl53tRBaBksmsLAT7LGNVwn25EKsLk2mWQXCh625vWTF/ZcMkK042PJwhLGR1dXPaIVg3ATa+fdVwcG8iWyGbYUViBZi5d2HyAO0CtI63rChYR6uOmRLUrK6OJ474Wv47fCqMYHVUnwtVr/Yp+jRvlR5SuBcqXkA79JZZ+tELoh0Hh6E/gtXLBdfqXSl/9c22bf8xmPbGoiapoyaqEavzuVAc+iNY5zCfKrFSOJhuXzgah+m+rEjJ99R25tt5WChPiHcvAD4lR+ftrCJYNWIl1NIVim55OBzY57i7lhCbvzUbYGfaR9YV3FnlCNYZoef+vkL+KhWf0id//9+27QvjitL7nvPex5ZSQUasGnoBwWoI82ZVK+Sv7uSj0vDKm2ilq6qoObebw7jv7QhWX741tctkLsnPfB/0peCzJ4JnrHKv7YwWrZxIST8ihK1nvF3+HcHy4ZbS/JVMhK9eJpeIm4/e/bG3RnI6el213YNo7YkUQvXAaEOwHoBc0ETp13F+3rbt81d9o1cXBd16XyQVmbt2770g/eZ1JE2pXTXljkQKoaohebMsgnUTYKPbSwXrTg6okalV1aRJdrm5xZjbEy2pXwRRhbLKWFNYj7exT/rSuqQdWfF6flp5tf9u72sxeNx2LpBhpU8IrWB5911OVK6GgnuuPBIuXfm8TW4WMVKR0fBai6TncKXtkpsaPKm8D/rBeB5rviThbvNXP27b9uVj1tU1tBc+3Q0Fj6zQFeqZ4NT15I/SiNQVap3uQbA6ga2stlawek7+StPfFz/L8Txlr744axP8tf3R1ZeGfLX3U74jAQSrI9zCqku+kNM6cV1oWraYze+oWO3VN3J1om//p7bJQwvZGqIXOag7o+HhexGsh4FnmlPB2vNFLnGtoYrmZ3TStZ58Kk7yr+R7SkOukUI13qNY0I0AgtUNbXHFGk6lR6vo6sUeE1xSqRWtVND27rdCpInoUnHSOuULN/98/dBaOEv6TZkFCCBY4528t6UhPbwuPeN8tOXkekZ7YMH2EazxTs8JlopVGlppXqYmPGvVQ7FFVmzsPWpFlHqqCSBY1cia3yCCJYlg+XCoXJpgL8kD2RyTGnbnCZnWYcVJ82XNO06FEKglgGDVEmtfXldYGvKpWByebV1ohs1D5XJSaa6J3FMhWIqNIYBgjeFuW9Wku/yOvT/j/YEFjgn8Dv9mKrVTt9mzAAAAAElFTkSuQmCC', 'Test'),
(21, '0dab3f6e6bae7ca78b83829f4e4a03bd2dcc6ee89ade775160d6fc074972af65', 'Dhimmar', 'Jay', '2025-05-02 05:41:36', 1, '2025-05-02 05:39:27', '2025-05-02 05:41:36', 'data:image/png;base64,iVBORw0KGgoAAAANSUhEUgAAASwAAACWCAYAAABkW7XSAAAAAXNSR0IArs4c6QAACJFJREFUeF7t3Yut3EQUBmCnAzqAEuggUAElkBZSAVABSQVAB1ABUAEpATqgA8iRdiTH8mO8np3r4/1WihLu9eP4O8OvsdfrfTV4ESBAIInAqyR1KpMAAQKDwDIICBBIIyCw0rRKoQQICCxjgACBNAICK02rFEqAgMAyBggQSCMgsNK0SqEECAgsY4AAgTQCAitNqxRKgIDAMgYIEEgjILDStEqhBAgILGOAAIE0AgIrTasUSoCAwDIGCBBIIyCw0rRKoQQICCxjgACBNAICK02rFEqAgMAyBggQSCMgsNK0SqEECAgsY4AAgTQCAitNqxRKgIDAMgYIEEgjILDStEqhBAgILGOAAIE0AgIrTasUSoCAwDIGCBBIIyCw0rRKoQQICCxjgACBNAICK02rFEqAgMAyBggQSCMgsNK0SqEECAgsY4AAgTQCAitNqxRKgIDAMgYIEEgjILDStEqhBAgILGOAAIE0AgIrTasUSoCAwDIGCBBIIyCw0rRKoQQICCxjgACBNAICK02rFEqAgMAyBggQSCMgsNK0SqEECAgsY4AAgTQCAitNqxRKgIDAMgYIEEgjILDStEqhBAgILGOAAIE0AgIrTasUSoCAwDIGCBBIIyCw0rRKoQQICCxjgACBNAICK02rFEqAgMAyBggQSCMgsNK0SqEECAgsY4AAgTQCAitNqxRKgIDAMgYIEEgjILDStEqhBAgILGOAAIE0AgIrTasUSoCAwDIGCBBIIyCw0rRKoQQICCxjgACBNAICK02rFEqAgMAyBggQSCMgsNK0SqEECAgsY4AAgTQCAitNqxRKgECPwPpqGIb48z1uAgQIHBF4ZGBFQL2+hVXU+PXHf/9xpFjrEiDw3AKtA6vMpsZBVYR/MMt67sHm6AkcFWgRWOV077/RbGpcVwRVzKzMro52y/oEnlzgnsCKgIrXdwsBVUgjoEpYPTmzwydAoIVAbWBNr0dt7dvp35aQ3xMgsFugJrB+35hJjXf6YRiGt07/dvfBCgQIVAhsBVbMrOLUr+b1yzAMb2oWtAwBAgTuEVgLrJqwKhfSXau6R986BAjsElgLrJ+HYfh2tLUIpz9Hp3ve9dtFbWECBI4KrAVW3KZQXk73jkpbnwCBwwJLgTU9Hdy61nW4EBsgQIDAlsBSEI1nV25R2FL0ewIEugjMBdZ0diWwurTCTggQ2BKoCSyng1uKfk+AQBeBuTByOtiF3k4IENgrMA2s+Jxg3NleXh4Js1fU8gQIPExgGljeHXwYtQ0TIHBUYBpY488Nuth+VNf6BAg0FRBYTTltjACBRwpMA8sF90dq2zYBAocEBNYhPisTINBTYO2UMD7cHO8SehEgQOAUAmuBFQW6reEUbVIEAQIhsHUf1twy5AgQIPAiAnN3us89EtktDi/SHjslQGAsMBdY07vdy/K+BcfYIUDgRQWWPti8FFpRrNnWi7bMzgk8r8DakxgitNa+e7A8Mjk+zuNFgACBhwvUPDqm5ssootASYNOi15797rnwD2+xHRC4jkBNYJWjrQ2uIzrj0PP19kckrUvgggJ7AqtncJV9/T0Mwxe3/5iGWZnVXbAtDokAgTmBewKrbCeuccWfeNV+2WpZd+5UML5CrLxe3/7xzzAMn1d+83TZ5ng75WdOPY1/AhcQOBJYc4dfAuyRAVH2Uf6OcCv/rmmJYKtRsgyBEwq0DqwzHOJ45hf1lNnanlCbnm6atZ2hs2p4eoErBlZtU6cztenp6Hg7S2EXs7X4XXzRbFxvm77GM81Hzjprj9lyBFILPHNg3dO4cXCVsBr/LGZzMRvbmtWNw2s8exvP7Mr2Bd09nbLOJQUEVp+2Tk9Tx7O52lPVuWtvZnR9+mcvJxEQWCdpxKSMcYhNA63M3mpPWWO5tdPWtdArv2sxy4sa3txOnX064pzj7vRVCazTt2h3gVunrUvX6mpnemsFxbW8chtKhNxnwzB8ObOC56ztbqsVQkBgGQdLAnMBtvXmQ9zkGzPACKp4lb+n+2gx7tZmoUuhXH4e65ZrhONZ5FZol5lmWU7wdv7/p8XA6Vyy3Z1AoHwwfhwANWVNH1E0DZ250929+6ipY+40eO89hPFmiVPbe7QPrCOwDuA90arlTYO9N+kG0YfbbR9xahini/Hamsms0UZQlG93mrs/bmndFtfhnqjl5zxUgXXOvpylqgiWn0af56yt69/bgkunhHMznPKzEkI+VlWr/UTLCawnanbloZbTvSOzoLldjW/LEEaVzbDYpwICy4gYXyNae2BjjdT0XjHBVKNmmWoBgVVNdekF/1q4/WDroEsgxWOzXSPa0vL7wwIC6zBhyg2U070fdwZVeSaZhyumbHv+ogVW/h7WHkGEVLxT982Od+nKbQixDzOoWmnLPUxAYD2M9jQb3nMR3QzqNG1TyJyAwLrmuNgTUnGf1FszqGsOhKsdlcC6Vkdrgyqe3fX+40dn3l3r8B3N1QUEVv4Ol7vQa56rbzaVv99PfQQCK2/7a2dT5YK5Ww/y9lrlNwGBlW8o7AmqCCkf0M3XYxUvCAisXEOj5gZPp325eqraHQICawfWCy8atxwsPX7F7Qgv3By77yMgsPo4t9jLdHYVM6nfbrcjuKmzhbBtnF5AYJ2+RZ8UGMH06+0ZU0IqV+9U20BAYDVAtAkCBPoICKw+zvZCgEADAYHVANEmCBDoIyCw+jjbCwECDQQEVgNEmyBAoI+AwOrjbC8ECDQQEFgNEG2CAIE+AgKrj7O9ECDQQEBgNUC0CQIE+ggIrD7O9kKAQAMBgdUA0SYIEOgjILD6ONsLAQINBARWA0SbIECgj4DA6uNsLwQINBAQWA0QbYIAgT4CAquPs70QINBAQGA1QLQJAgT6CAisPs72QoBAAwGB1QDRJggQ6CMgsPo42wsBAg0EBFYDRJsgQKCPwP9o+cOXy5C5PQAAAABJRU5ErkJggg==', 'jkuilou'),
(22, '3246c47042da06e77ee9fbc71677624e3e5ff68441f964e45a53f1e291579609', NULL, NULL, '2025-05-15 08:58:39', 0, '2025-05-08 08:58:39', '2025-05-08 08:58:39', NULL, NULL),
(23, 'ededc180ff16f45d915fe216947f2e8085e998fb40edcfc8a12c2c346548f4f1', NULL, NULL, '2025-06-03 12:39:40', 0, '2025-05-27 12:39:40', '2025-05-27 12:39:40', NULL, NULL),
(24, '4d4d0405177a0f6584ee1d58eacef0455c2f0375960194fee8bb2d4b3022ed02', NULL, NULL, '2025-06-10 07:06:35', 0, '2025-06-03 07:06:35', '2025-06-03 07:06:35', NULL, NULL),
(25, '6659391ceed7824515d6d90aa8a6db15e68515ad289cede2d17551071bab5ad6', NULL, NULL, '2025-06-20 10:11:16', 0, '2025-06-13 10:11:16', '2025-06-13 10:11:16', NULL, NULL);

-- --------------------------------------------------------

--
-- Table structure for table `assessment_options`
--

CREATE TABLE `assessment_options` (
  `id` int(11) NOT NULL,
  `question_id` int(11) NOT NULL,
  `option_text` text NOT NULL,
  `is_correct` tinyint(1) DEFAULT 0,
  `created_at` timestamp NOT NULL DEFAULT current_timestamp()
) ENGINE=InnoDB DEFAULT CHARSET=utf8mb4 COLLATE=utf8mb4_general_ci;

--
-- Dumping data for table `assessment_options`
--

INSERT INTO `assessment_options` (`id`, `question_id`, `option_text`, `is_correct`, `created_at`) VALUES
(1, 1, 'dürfen keine Fahrräder mit zur Schule bringen.', 0, '2025-04-26 18:36:05'),
(2, 1, 'dürfen ihre Fahrräder auf den Schulhof stellen.', 0, '2025-04-26 18:36:05'),
(3, 1, 'müssen ihre Fahrräder in einen speziellen Raum stellen.', 1, '2025-04-26 18:36:05'),
(4, 2, 'Schüler dürfen keine Poster aufhängen.', 1, '2025-04-26 18:36:05'),
(5, 2, 'Schüler müssen dort selber aufräumen.', 0, '2025-04-26 18:36:05'),
(6, 2, 'Schüler können dort nach dem Unterricht lernen.', 0, '2025-04-26 18:36:05'),
(7, 3, 'einen Schlüssel im Sekretariat verlangen.', 0, '2025-04-26 18:36:05'),
(8, 3, 'einmalig 50,- Euro zahlen.', 0, '2025-04-26 18:36:05'),
(9, 3, 'Schüler sein oder bei BAD Bildungsakademie Deutschland GmbH arbeiten.\n', 1, '2025-04-26 18:36:05'),
(10, 4, 'kann von der Schulleitung genehmigt werden.', 1, '2025-04-26 18:36:05'),
(11, 4, 'muss der Lehrperson gemeldet werden.', 0, '2025-04-26 18:36:05'),
(12, 4, 'ist ohne Ausnahme verboten.', 0, '2025-04-26 18:36:05'),
(13, 5, 'Gelassenheit', 0, '2025-04-26 18:36:05'),
(14, 5, 'Zufriedenheit', 0, '2025-04-26 18:36:05'),
(15, 5, 'Aggression', 1, '2025-04-26 18:36:05'),
(16, 6, 'Steigende Konzentrationsfähigkeit', 0, '2025-04-26 18:36:05'),
(17, 6, 'Soziales Engagement', 0, '2025-04-26 18:36:05'),
(18, 6, 'Erweiterte Pupillen, Verfärbungen der Haut', 1, '2025-04-26 18:36:05'),
(19, 7, 'Sich provozieren lassen', 0, '2025-04-26 18:36:05'),
(20, 7, 'Sich mit der Gruppe verbünden', 0, '2025-04-26 18:36:05'),
(21, 7, 'Sich neutral verhalten', 1, '2025-04-26 18:36:05'),
(22, 8, 'Essen', 1, '2025-04-26 18:36:05'),
(23, 8, 'Selbstverwirklichung', 0, '2025-04-26 18:36:05'),
(24, 8, 'Freundschaft', 0, '2025-04-26 18:36:05'),
(25, 9, 'Sind immer freundlich', 0, '2025-04-26 18:36:05'),
(26, 9, 'Probleme mit der Motorik (Gehen, Stehen etc.)', 1, '2025-04-26 18:36:05'),
(27, 9, 'Haben ein erhöhtes Schmerzempfinden', 0, '2025-04-26 18:36:05'),
(28, 10, '16 Prozent', 0, '2025-04-26 18:36:05'),
(29, 10, '18 Prozent', 0, '2025-04-26 18:36:05'),
(30, 10, '19 Prozent', 1, '2025-04-26 18:36:05'),
(31, 11, 'Reinigungskraft', 0, '2025-04-26 18:36:05'),
(32, 11, 'Sicherheitsmitarbeiter im Objektschutz', 1, '2025-04-26 18:36:05'),
(33, 11, 'Busfahrer', 0, '2025-04-26 18:36:05'),
(34, 12, 'Die Polizei', 1, '2025-04-26 18:36:05'),
(35, 12, 'Die Gerichte', 0, '2025-04-26 18:36:05'),
(36, 12, 'Die Sicherheitsdienste', 0, '2025-04-26 18:36:05'),
(37, 13, '5', 0, '2025-04-26 18:36:05'),
(38, 13, '16', 1, '2025-04-26 18:36:05'),
(39, 13, '23', 0, '2025-04-26 18:36:05'),
(40, 14, 'Frau Merkel', 0, '2025-04-26 18:36:05'),
(41, 14, 'Herr Adenauer', 0, '2025-04-26 18:36:05'),
(42, 14, 'Herr Scholz', 1, '2025-04-26 18:36:05'),
(43, 15, 'Hamburg', 0, '2025-04-26 18:27:44'),
(44, 15, 'München', 0, '2025-04-26 18:27:44'),
(45, 15, 'Berlin', 1, '2025-04-26 18:27:44');

-- --------------------------------------------------------

--
-- Table structure for table `assessment_questions`
--

CREATE TABLE `assessment_questions` (
  `id` int(11) NOT NULL,
  `task_number` int(11) NOT NULL,
  `question_text` text NOT NULL,
  `created_at` timestamp NOT NULL DEFAULT current_timestamp()
) ENGINE=InnoDB DEFAULT CHARSET=utf8mb4 COLLATE=utf8mb4_general_ci;

--
-- Dumping data for table `assessment_questions`
--

INSERT INTO `assessment_questions` (`id`, `task_number`, `question_text`, `created_at`) VALUES
(1, 1, 'Schüler …', '2025-04-23 20:26:59'),
(2, 1, 'Für die Klassenräume der BAD Bildungsakademie Deutschland GmbH gilt:', '2025-04-23 20:26:59'),
(3, 1, 'Um die verschließbaren Fächer benutzen zu können, muss man …', '2025-04-23 20:26:59'),
(4, 1, 'Das Trinken von Alkohol …', '2025-04-23 20:26:59'),
(5, 2, 'Frage: Was sind Reaktionen auf Frustration?', '2025-04-23 20:26:59'),
(6, 2, 'Frage: Welche Anzeichen können für Drogenkonsum sprechen?', '2025-04-23 20:26:59'),
(7, 2, 'Frage: Was sollte im Umgang mit Gruppen beachtet werden?', '2025-04-23 20:26:59'),
(8, 2, 'Frage: Welches ist ein Grundbedürfnis eines Menschen?', '2025-04-23 20:26:59'),
(9, 2, 'Frage: Mit welchem Verhalten muss man bei alkoholisierten Personen rechnen?', '2025-04-23 20:26:59'),
(10, 3, 'Frage: Wie hoch ist die Mehrwertsteuer in Deutschland?', '2025-04-23 20:26:59'),
(11, 3, 'Frage: Welchen Tätigkeiten können Sie mit der Sachkundeprüfung nach §34a gemäß GewO nachgehen?', '2025-04-23 20:26:59'),
(12, 3, 'Frage: Wer ist in Deutschland für die Einhaltung der Gesetze Verantwortlich', '2025-04-23 20:26:59'),
(13, 3, 'Frage: Wie viele Bundesländer hat Deutschland', '2025-04-23 20:26:59'),
(14, 3, 'Frage: Wie heißt der aktuelle Bundeskanzler in Deutschland', '2025-04-23 20:26:59'),
(15, 3, 'Frage: Wie heißt die Hauptstadt von Deutschland', '2025-04-23 20:26:59');

-- --------------------------------------------------------

--
-- Table structure for table `assessment_responses`
--

CREATE TABLE `assessment_responses` (
  `id` int(11) NOT NULL,
  `assessment_link_id` int(11) NOT NULL,
  `question_id` int(11) NOT NULL,
  `selected_option_id` int(11) NOT NULL,
  `created_at` timestamp NOT NULL DEFAULT current_timestamp(),
  `pdf_url` varchar(255) DEFAULT NULL
) ENGINE=InnoDB DEFAULT CHARSET=utf8mb4 COLLATE=utf8mb4_general_ci;

--
-- Dumping data for table `assessment_responses`
--

INSERT INTO `assessment_responses` (`id`, `assessment_link_id`, `question_id`, `selected_option_id`, `created_at`, `pdf_url`) VALUES
(29, 3, 1, 1, '2025-04-28 15:07:02', '/uploads/undefined'),
(30, 3, 2, 4, '2025-04-28 15:07:02', '/uploads/undefined'),
(31, 3, 3, 7, '2025-04-28 15:07:02', '/uploads/undefined'),
(32, 3, 4, 10, '2025-04-28 15:07:02', '/uploads/undefined'),
(33, 3, 5, 13, '2025-04-28 15:07:02', '/uploads/undefined'),
(34, 3, 6, 16, '2025-04-28 15:07:02', '/uploads/undefined'),
(35, 3, 7, 19, '2025-04-28 15:07:02', '/uploads/undefined'),
(36, 3, 8, 22, '2025-04-28 15:07:02', '/uploads/undefined'),
(37, 3, 9, 25, '2025-04-28 15:07:02', '/uploads/undefined'),
(38, 3, 10, 28, '2025-04-28 15:07:02', '/uploads/undefined'),
(39, 3, 11, 31, '2025-04-28 15:07:02', '/uploads/undefined'),
(40, 3, 12, 34, '2025-04-28 15:07:02', '/uploads/undefined'),
(41, 3, 13, 37, '2025-04-28 15:07:02', '/uploads/undefined'),
(42, 3, 14, 40, '2025-04-28 15:07:02', '/uploads/undefined'),
(113, 9, 1, 1, '2025-04-28 15:54:43', '/uploads/eignungsfeststellung_1745855715615.pdf'),
(114, 9, 2, 4, '2025-04-28 15:54:43', '/uploads/eignungsfeststellung_1745855715615.pdf'),
(115, 9, 3, 7, '2025-04-28 15:54:43', '/uploads/eignungsfeststellung_1745855715615.pdf'),
(116, 9, 4, 11, '2025-04-28 15:54:43', '/uploads/eignungsfeststellung_1745855715615.pdf'),
(117, 9, 5, 14, '2025-04-28 15:54:43', '/uploads/eignungsfeststellung_1745855715615.pdf'),
(118, 9, 6, 17, '2025-04-28 15:54:43', '/uploads/eignungsfeststellung_1745855715615.pdf'),
(119, 9, 7, 20, '2025-04-28 15:54:43', '/uploads/eignungsfeststellung_1745855715615.pdf'),
(120, 9, 8, 23, '2025-04-28 15:54:43', '/uploads/eignungsfeststellung_1745855715615.pdf'),
(121, 9, 9, 27, '2025-04-28 15:54:43', '/uploads/eignungsfeststellung_1745855715615.pdf'),
(122, 9, 10, 28, '2025-04-28 15:54:43', '/uploads/eignungsfeststellung_1745855715615.pdf'),
(123, 9, 11, 32, '2025-04-28 15:54:43', '/uploads/eignungsfeststellung_1745855715615.pdf'),
(124, 9, 12, 34, '2025-04-28 15:54:43', '/uploads/eignungsfeststellung_1745855715615.pdf'),
(125, 9, 13, 38, '2025-04-28 15:54:43', '/uploads/eignungsfeststellung_1745855715615.pdf'),
(126, 9, 14, 41, '2025-04-28 15:54:43', '/uploads/eignungsfeststellung_1745855715615.pdf'),
(127, 10, 1, 1, '2025-04-28 15:59:54', '/uploads/eignungsfeststellung_1745855994.pdf'),
(128, 10, 2, 4, '2025-04-28 15:59:54', '/uploads/eignungsfeststellung_1745855994.pdf'),
(129, 10, 3, 7, '2025-04-28 15:59:54', '/uploads/eignungsfeststellung_1745855994.pdf'),
(130, 10, 4, 10, '2025-04-28 15:59:54', '/uploads/eignungsfeststellung_1745855994.pdf'),
(131, 10, 5, 13, '2025-04-28 15:59:54', '/uploads/eignungsfeststellung_1745855994.pdf'),
(132, 10, 6, 16, '2025-04-28 15:59:54', '/uploads/eignungsfeststellung_1745855994.pdf'),
(133, 10, 7, 19, '2025-04-28 15:59:54', '/uploads/eignungsfeststellung_1745855994.pdf'),
(134, 10, 8, 22, '2025-04-28 15:59:54', '/uploads/eignungsfeststellung_1745855994.pdf'),
(135, 10, 9, 25, '2025-04-28 15:59:54', '/uploads/eignungsfeststellung_1745855994.pdf'),
(136, 10, 10, 28, '2025-04-28 15:59:54', '/uploads/eignungsfeststellung_1745855994.pdf'),
(137, 10, 11, 31, '2025-04-28 15:59:54', '/uploads/eignungsfeststellung_1745855994.pdf'),
(138, 10, 12, 34, '2025-04-28 15:59:54', '/uploads/eignungsfeststellung_1745855994.pdf'),
(139, 10, 13, 37, '2025-04-28 15:59:54', '/uploads/eignungsfeststellung_1745855994.pdf'),
(140, 10, 14, 40, '2025-04-28 15:59:54', '/uploads/eignungsfeststellung_1745855994.pdf'),
(141, 11, 1, 1, '2025-04-28 16:05:36', '/uploads/eignungsfeststellung_1745856336.pdf'),
(142, 11, 2, 4, '2025-04-28 16:05:36', '/uploads/eignungsfeststellung_1745856336.pdf'),
(143, 11, 3, 7, '2025-04-28 16:05:36', '/uploads/eignungsfeststellung_1745856336.pdf'),
(144, 11, 4, 10, '2025-04-28 16:05:36', '/uploads/eignungsfeststellung_1745856336.pdf'),
(145, 11, 5, 13, '2025-04-28 16:05:36', '/uploads/eignungsfeststellung_1745856336.pdf'),
(146, 11, 6, 16, '2025-04-28 16:05:36', '/uploads/eignungsfeststellung_1745856336.pdf'),
(147, 11, 7, 19, '2025-04-28 16:05:36', '/uploads/eignungsfeststellung_1745856336.pdf'),
(148, 11, 8, 22, '2025-04-28 16:05:36', '/uploads/eignungsfeststellung_1745856336.pdf'),
(149, 11, 9, 25, '2025-04-28 16:05:36', '/uploads/eignungsfeststellung_1745856336.pdf'),
(150, 11, 10, 28, '2025-04-28 16:05:36', '/uploads/eignungsfeststellung_1745856336.pdf'),
(151, 11, 11, 31, '2025-04-28 16:05:36', '/uploads/eignungsfeststellung_1745856336.pdf'),
(152, 11, 12, 34, '2025-04-28 16:05:36', '/uploads/eignungsfeststellung_1745856336.pdf'),
(153, 11, 13, 37, '2025-04-28 16:05:36', '/uploads/eignungsfeststellung_1745856336.pdf'),
(154, 11, 14, 40, '2025-04-28 16:05:36', '/uploads/eignungsfeststellung_1745856336.pdf'),
(155, 12, 1, 1, '2025-04-29 05:21:45', '/uploads/eignungsfeststellung_1745904106.pdf'),
(156, 12, 2, 5, '2025-04-29 05:21:45', '/uploads/eignungsfeststellung_1745904106.pdf'),
(157, 12, 3, 7, '2025-04-29 05:21:45', '/uploads/eignungsfeststellung_1745904106.pdf'),
(158, 12, 4, 11, '2025-04-29 05:21:45', '/uploads/eignungsfeststellung_1745904106.pdf'),
(159, 12, 5, 14, '2025-04-29 05:21:45', '/uploads/eignungsfeststellung_1745904106.pdf'),
(160, 12, 6, 17, '2025-04-29 05:21:45', '/uploads/eignungsfeststellung_1745904106.pdf'),
(161, 12, 7, 19, '2025-04-29 05:21:45', '/uploads/eignungsfeststellung_1745904106.pdf'),
(162, 12, 8, 23, '2025-04-29 05:21:45', '/uploads/eignungsfeststellung_1745904106.pdf'),
(163, 12, 9, 27, '2025-04-29 05:21:45', '/uploads/eignungsfeststellung_1745904106.pdf'),
(164, 12, 10, 30, '2025-04-29 05:21:45', '/uploads/eignungsfeststellung_1745904106.pdf'),
(165, 12, 11, 32, '2025-04-29 05:21:45', '/uploads/eignungsfeststellung_1745904106.pdf'),
(166, 12, 12, 36, '2025-04-29 05:21:45', '/uploads/eignungsfeststellung_1745904106.pdf'),
(167, 12, 13, 38, '2025-04-29 05:21:45', '/uploads/eignungsfeststellung_1745904106.pdf'),
(168, 12, 14, 42, '2025-04-29 05:21:45', '/uploads/eignungsfeststellung_1745904106.pdf'),
(199, 15, 1, 1, '2025-04-29 07:22:44', '/uploads/eignungsfeststellung_1746164340.pdf'),
(200, 15, 2, 5, '2025-04-29 07:22:44', '/uploads/eignungsfeststellung_1746164340.pdf'),
(201, 15, 3, 7, '2025-04-29 07:22:44', '/uploads/eignungsfeststellung_1746164340.pdf'),
(202, 15, 4, 11, '2025-04-29 07:22:44', '/uploads/eignungsfeststellung_1746164340.pdf'),
(203, 15, 5, 13, '2025-04-29 07:22:44', '/uploads/eignungsfeststellung_1746164340.pdf'),
(204, 15, 6, 17, '2025-04-29 07:22:44', '/uploads/eignungsfeststellung_1746164340.pdf'),
(205, 15, 7, 19, '2025-04-29 07:22:44', '/uploads/eignungsfeststellung_1746164340.pdf'),
(206, 15, 8, 23, '2025-04-29 07:22:44', '/uploads/eignungsfeststellung_1746164340.pdf'),
(207, 15, 9, 27, '2025-04-29 07:22:44', '/uploads/eignungsfeststellung_1746164340.pdf'),
(208, 15, 10, 30, '2025-04-29 07:22:44', '/uploads/eignungsfeststellung_1746164340.pdf'),
(209, 15, 11, 32, '2025-04-29 07:22:44', '/uploads/eignungsfeststellung_1746164340.pdf'),
(210, 15, 12, 36, '2025-04-29 07:22:44', '/uploads/eignungsfeststellung_1746164340.pdf'),
(211, 15, 13, 38, '2025-04-29 07:22:44', '/uploads/eignungsfeststellung_1746164340.pdf'),
(212, 15, 14, 41, '2025-04-29 07:22:44', '/uploads/eignungsfeststellung_1746164340.pdf'),
(213, 15, 15, 45, '2025-04-29 07:22:44', '/uploads/eignungsfeststellung_1746164340.pdf'),
(229, 17, 1, 1, '2025-04-29 12:20:08', '/uploads/eignungsfeststellung_1746164070.pdf'),
(230, 17, 2, 5, '2025-04-29 12:20:08', '/uploads/eignungsfeststellung_1746164070.pdf'),
(231, 17, 3, 8, '2025-04-29 12:20:08', '/uploads/eignungsfeststellung_1746164070.pdf'),
(232, 17, 4, 10, '2025-04-29 12:20:08', '/uploads/eignungsfeststellung_1746164070.pdf'),
(233, 17, 5, 14, '2025-04-29 12:20:08', '/uploads/eignungsfeststellung_1746164070.pdf'),
(234, 17, 6, 17, '2025-04-29 12:20:08', '/uploads/eignungsfeststellung_1746164070.pdf'),
(235, 17, 7, 19, '2025-04-29 12:20:08', '/uploads/eignungsfeststellung_1746164070.pdf'),
(236, 17, 8, 23, '2025-04-29 12:20:08', '/uploads/eignungsfeststellung_1746164070.pdf'),
(237, 17, 9, 26, '2025-04-29 12:20:08', '/uploads/eignungsfeststellung_1746164070.pdf'),
(238, 17, 10, 30, '2025-04-29 12:20:08', '/uploads/eignungsfeststellung_1746164070.pdf'),
(239, 17, 11, 33, '2025-04-29 12:20:08', '/uploads/eignungsfeststellung_1746164070.pdf'),
(240, 17, 12, 36, '2025-04-29 12:20:08', '/uploads/eignungsfeststellung_1746164070.pdf'),
(241, 17, 13, 39, '2025-04-29 12:20:08', '/uploads/eignungsfeststellung_1746164070.pdf'),
(242, 17, 14, 41, '2025-04-29 12:20:08', '/uploads/eignungsfeststellung_1746164070.pdf'),
(243, 17, 15, 44, '2025-04-29 12:20:08', '/uploads/eignungsfeststellung_1746164070.pdf'),
(244, 21, 1, 1, '2025-05-02 05:41:02', '/uploads/eignungsfeststellung_1746164496.pdf'),
(245, 21, 2, 5, '2025-05-02 05:41:02', '/uploads/eignungsfeststellung_1746164496.pdf'),
(246, 21, 3, 7, '2025-05-02 05:41:02', '/uploads/eignungsfeststellung_1746164496.pdf'),
(247, 21, 4, 11, '2025-05-02 05:41:02', '/uploads/eignungsfeststellung_1746164496.pdf'),
(248, 21, 5, 14, '2025-05-02 05:41:02', '/uploads/eignungsfeststellung_1746164496.pdf'),
(249, 21, 6, 16, '2025-05-02 05:41:02', '/uploads/eignungsfeststellung_1746164496.pdf'),
(250, 21, 7, 20, '2025-05-02 05:41:02', '/uploads/eignungsfeststellung_1746164496.pdf'),
(251, 21, 8, 23, '2025-05-02 05:41:02', '/uploads/eignungsfeststellung_1746164496.pdf'),
(252, 21, 9, 26, '2025-05-02 05:41:02', '/uploads/eignungsfeststellung_1746164496.pdf'),
(253, 21, 10, 30, '2025-05-02 05:41:02', '/uploads/eignungsfeststellung_1746164496.pdf'),
(254, 21, 11, 32, '2025-05-02 05:41:02', '/uploads/eignungsfeststellung_1746164496.pdf'),
(255, 21, 12, 35, '2025-05-02 05:41:02', '/uploads/eignungsfeststellung_1746164496.pdf'),
(256, 21, 13, 38, '2025-05-02 05:41:02', '/uploads/eignungsfeststellung_1746164496.pdf'),
(257, 21, 14, 41, '2025-05-02 05:41:02', '/uploads/eignungsfeststellung_1746164496.pdf'),
(258, 21, 15, 45, '2025-05-02 05:41:02', '/uploads/eignungsfeststellung_1746164496.pdf');

-- --------------------------------------------------------

--
-- Table structure for table `attendance_list`
--

CREATE TABLE `attendance_list` (
  `id` int(11) NOT NULL,
  `datetime` datetime NOT NULL,
  `start_date` date NOT NULL,
  `end_date` date NOT NULL,
  `pdf_url` varchar(255) NOT NULL,
  `student_id` int(6) UNSIGNED ZEROFILL DEFAULT NULL,
  `created_at` timestamp NOT NULL DEFAULT current_timestamp()
) ENGINE=InnoDB DEFAULT CHARSET=utf8mb4 COLLATE=utf8mb4_general_ci;

--
-- Dumping data for table `attendance_list`
--

INSERT INTO `attendance_list` (`id`, `datetime`, `start_date`, `end_date`, `pdf_url`, `student_id`, `created_at`) VALUES
(1, '2025-05-24 17:05:26', '2025-05-01', '2025-05-31', 'http://192.168.31.110:3000http://192.168.31.110:3000/uploads/attendance/attendance_1748086519.pdf', NULL, '2025-05-24 11:35:26'),
(2, '2025-05-24 17:06:09', '2025-05-01', '2025-05-31', 'http://192.168.31.110:3000/uploads/attendance/attendance_1748086565.pdf', NULL, '2025-05-24 11:36:09'),
(3, '2025-05-24 17:06:55', '2025-05-01', '2025-05-31', 'http://192.168.31.110:3000/uploads/attendance/attendance_1748086611.pdf', NULL, '2025-05-24 11:36:55'),
(4, '2025-05-24 17:07:48', '2025-05-01', '2025-05-31', 'http://192.168.31.110:3000/uploads/attendance/attendance_1748086664.pdf', NULL, '2025-05-24 11:37:48'),
(5, '2025-05-24 17:12:56', '2025-05-01', '2025-05-31', 'http://192.168.31.110:3000/uploads/attendance/attendance_1748086969.pdf', NULL, '2025-05-24 11:42:56'),
(6, '2025-05-24 17:18:18', '2025-05-01', '2025-05-31', 'http://192.168.31.110:3000/uploads/attendance/attendance_1748087290.pdf', NULL, '2025-05-24 11:48:18'),
(7, '2025-05-24 17:20:25', '2025-05-01', '2025-05-31', 'http://192.168.31.110:3000/uploads/attendance/attendance_1748087421.pdf', NULL, '2025-05-24 11:50:25'),
(8, '2025-05-24 17:22:05', '2025-05-01', '2025-05-31', 'http://192.168.31.110:3000/uploads/attendance/attendance_1748087517.pdf', NULL, '2025-05-24 11:52:05'),
(9, '2025-05-24 17:23:12', '2025-05-01', '2025-05-31', 'http://192.168.31.110:3000/uploads/attendance/attendance_1748087582.pdf', NULL, '2025-05-24 11:53:12'),
(10, '2025-05-24 17:24:28', '2025-05-01', '2025-05-31', 'http://192.168.31.110:3000/uploads/attendance/attendance_1748087664.pdf', NULL, '2025-05-24 11:54:28'),
(11, '2025-05-24 17:25:52', '2025-05-01', '2025-05-31', 'http://192.168.31.110:3000/uploads/attendance/attendance_1748087749.pdf', NULL, '2025-05-24 11:55:52'),
(12, '2025-05-24 17:27:46', '2025-05-16', '2025-05-24', 'http://192.168.31.110:3000/uploads/attendance/attendance_1748087862.pdf', NULL, '2025-05-24 11:57:46'),
(13, '2025-05-24 17:28:48', '2025-05-01', '2025-05-24', 'http://192.168.31.110:3000/uploads/attendance/attendance_1748087918.pdf', 100001, '2025-05-24 11:58:48'),
(14, '2025-05-24 17:30:34', '2025-05-01', '2025-05-24', 'http://192.168.31.110:3000/uploads/attendance/attendance_1748088023.pdf', 100001, '2025-05-24 12:00:34'),
(15, '2025-05-24 17:32:39', '2025-05-01', '2025-05-24', 'http://192.168.31.110:3000/uploads/attendance/attendance_1748088152.pdf', 100001, '2025-05-24 12:02:39');

-- --------------------------------------------------------

--
-- Table structure for table `authorities`
--

CREATE TABLE `authorities` (
  `id` int(11) NOT NULL,
  `student_id` int(6) UNSIGNED ZEROFILL DEFAULT NULL,
  `name` varchar(255) DEFAULT NULL,
  `bg_number` varchar(50) DEFAULT NULL,
  `team` varchar(100) DEFAULT NULL,
  `contact_person` varchar(100) DEFAULT NULL,
  `routing_id` int(11) DEFAULT NULL,
  `email` varchar(255) DEFAULT NULL,
  `tel` varchar(20) DEFAULT NULL,
  `street` varchar(255) DEFAULT NULL,
  `postal_code` varchar(10) DEFAULT NULL,
  `city` varchar(100) DEFAULT NULL
) ENGINE=InnoDB DEFAULT CHARSET=utf8mb4 COLLATE=utf8mb4_general_ci;

--
-- Dumping data for table `authorities`
--

INSERT INTO `authorities` (`id`, `student_id`, `name`, `bg_number`, `team`, `contact_person`, `routing_id`, `email`, `tel`, `street`, `postal_code`, `city`) VALUES
(1, 100002, 'Test', 'DE12423433', 'Test', 'Dhimmar Jay', 3212323, 'yash@storeindia.live', '1234567894', '19/20 Maninagar Satyam Shivam Sudaram Appartment', '394327', 'Dist. - Surat'),
(2, 100001, 'Test', 'DE12423433', 'Daniel', 'Dhimmar Jay', 3212323, 'jaydhimar1@gmail.com', '7990088388', '19/20 Maninagar Satyam Shivam Sudaram Appartment', '394327', 'Dist. - Surat'),
(3, 100003, 'Test', 'DE12423433', 'Daniel', 'Dhimmar Jay', 3212323, 'vishal@gmail.com', '7984810153', '19/20 Maninagar Satyam Shivam Sudaram Appartment', '394327', 'Dist. - Surat'),
(4, 100004, 'Test', 'DE12423433', 'Test', 'Dhimmar Jay', 3212323, 'info@gmail.live', '7984810152', '202', '394327', 'Dist. - Surat'),
(5, 100005, NULL, 'DE12423433', 'Test', 'Dhimmar Jay', NULL, 'info2@storeindia.live', '1234567894', NULL, NULL, NULL);

-- --------------------------------------------------------

--
-- Table structure for table `bridge_days`
--

CREATE TABLE `bridge_days` (
  `id` int(11) NOT NULL,
  `bridge_days` varchar(255) NOT NULL,
  `date` date NOT NULL,
  `created_at` timestamp NOT NULL DEFAULT current_timestamp(),
  `updated_at` timestamp NOT NULL DEFAULT current_timestamp() ON UPDATE current_timestamp()
) ENGINE=InnoDB DEFAULT CHARSET=utf8mb4 COLLATE=utf8mb4_general_ci;

--
-- Dumping data for table `bridge_days`
--

INSERT INTO `bridge_days` (`id`, `bridge_days`, `date`, `created_at`, `updated_at`) VALUES
(2, 'Ostermontag', '2025-03-28', '2025-03-28 07:48:04', '2025-03-28 07:48:04');

-- --------------------------------------------------------

--
-- Table structure for table `certificate_of_absence`
--

CREATE TABLE `certificate_of_absence` (
  `id` int(11) NOT NULL,
  `date` datetime NOT NULL,
  `description` varchar(255) NOT NULL,
  `sent_to` varchar(255) NOT NULL,
  `pdf_url` varchar(255) NOT NULL,
  `student_id` int(6) UNSIGNED ZEROFILL DEFAULT NULL,
  `created_at` timestamp NOT NULL DEFAULT current_timestamp()
) ENGINE=InnoDB DEFAULT CHARSET=utf8mb4 COLLATE=utf8mb4_general_ci;

--
-- Dumping data for table `certificate_of_absence`
--

INSERT INTO `certificate_of_absence` (`id`, `date`, `description`, `sent_to`, `pdf_url`, `student_id`, `created_at`) VALUES
(2, '2025-05-24 16:12:54', 'Certificate of absence Mai 2025', 'jaydhimar1@gmail.com', 'http://192.168.31.110:3000/uploads/certificate-of-absence/certificate-of-absence_1748083374.pdf', 100001, '2025-05-24 10:42:54'),
(3, '2025-05-24 16:14:45', 'Certificate of absence Mai 2025', 'jaydhimar1@gmail.com', 'http://192.168.31.110:3000/uploads/certificate-of-absence/certificate-of-absence_1748083485.pdf', 100001, '2025-05-24 10:44:45'),
(6, '2025-05-24 16:32:13', 'Certificate of absence Mai 2025', 'yash@storeindia.live', 'http://192.168.31.110:3000/uploads/certificate-of-absence/certificate-of-absence_1748084533.pdf', 100002, '2025-05-24 11:02:13'),
(7, '2025-05-24 17:30:14', 'Certificate of absence Mai 2025', 'jaydhimar1@gmail.com', 'http://192.168.31.110:3000/uploads/certificate-of-absence/certificate-of-absence_1748088014.pdf', 100001, '2025-05-24 12:00:14');

-- --------------------------------------------------------

--
-- Table structure for table `course_feedback`
--

CREATE TABLE `course_feedback` (
  `id` int(11) NOT NULL,
  `student_id` varchar(255) NOT NULL,
  `course_id` varchar(255) NOT NULL,
  `feedback_date` date NOT NULL,
  `responses` longtext CHARACTER SET utf8mb4 COLLATE utf8mb4_bin NOT NULL CHECK (json_valid(`responses`)),
  `remarks` text DEFAULT NULL,
  `created_at` timestamp NOT NULL DEFAULT current_timestamp(),
  `updated_at` timestamp NOT NULL DEFAULT current_timestamp() ON UPDATE current_timestamp()
) ENGINE=InnoDB DEFAULT CHARSET=utf8mb4 COLLATE=utf8mb4_unicode_ci;

--
-- Dumping data for table `course_feedback`
--

INSERT INTO `course_feedback` (`id`, `student_id`, `course_id`, `feedback_date`, `responses`, `remarks`, `created_at`, `updated_at`) VALUES
(2, '100001', '4', '2025-05-28', '{\"1\":\"Satisfied\",\"2\":\"Neutral\",\"3\":\"Not Satisfied\",\"4\":\"Neutral\",\"5\":\"Satisfied\",\"6\":\"Neutral\",\"7\":\"Not Satisfied\",\"8\":\"Neutral\",\"9\":\"Satisfied\",\"10\":\"Neutral\",\"11\":\"Not Satisfied\",\"12\":\"Neutral\",\"13\":\"Satisfied\",\"14\":\"Neutral\",\"15\":\"Not Satisfied\",\"16\":\"Neutral\",\"17\":\"Satisfied\",\"18\":\"Partial\",\"19\":\"My chances of getting a job have not changed\",\"20\":\"I can\'t say yet\",\"21\":\"Neutral\"}', 'ioyhiuuyfyf', '2025-05-28 14:49:26', '2025-05-28 15:36:42');

-- --------------------------------------------------------

--
-- Table structure for table `examinations`
--

CREATE TABLE `examinations` (
  `id` int(11) NOT NULL,
  `examination` varchar(255) NOT NULL,
  `created_at` timestamp NOT NULL DEFAULT current_timestamp(),
  `updated_at` timestamp NOT NULL DEFAULT current_timestamp() ON UPDATE current_timestamp()
) ENGINE=InnoDB DEFAULT CHARSET=utf8mb4 COLLATE=utf8mb4_general_ci;

--
-- Dumping data for table `examinations`
--

INSERT INTO `examinations` (`id`, `examination`, `created_at`, `updated_at`) VALUES
(2, 'Oral IHK expertise according to 34a GewO', '2025-03-28 06:24:16', '2025-03-28 06:24:16');

-- --------------------------------------------------------

--
-- Table structure for table `feedback_evaluations`
--

CREATE TABLE `feedback_evaluations` (
  `id` int(11) NOT NULL,
  `date_from` date NOT NULL,
  `date_until` date NOT NULL,
  `measures_id` int(11) NOT NULL,
  `pdf_url` varchar(255) NOT NULL,
  `description` text DEFAULT NULL,
  `created_at` timestamp NOT NULL DEFAULT current_timestamp()
) ENGINE=InnoDB DEFAULT CHARSET=utf8mb4 COLLATE=utf8mb4_general_ci;

--
-- Dumping data for table `feedback_evaluations`
--

INSERT INTO `feedback_evaluations` (`id`, `date_from`, `date_until`, `measures_id`, `pdf_url`, `description`, `created_at`) VALUES
(2, '2025-06-01', '2025-06-10', 2, 'http://192.168.31.110:3000/uploads/feedbackbogen-auswertung_1749540760.pdf', NULL, '2025-06-10 07:32:41'),
(3, '2025-06-01', '2025-06-10', 2, 'http://192.168.31.110:3000/uploads/feedbackbogen-auswertung_1749540829.pdf', NULL, '2025-06-10 07:33:51'),
(4, '2025-06-01', '2025-06-10', 4, 'http://192.168.31.110:3000/uploads/feedbackbogen-auswertung_1749543944.pdf', NULL, '2025-06-10 08:25:45'),
(5, '2025-05-05', '2025-06-10', 4, 'http://192.168.31.110:3000/uploads/feedbackbogen-auswertung_1749544063.pdf', NULL, '2025-06-10 08:27:48'),
(6, '2025-05-05', '2025-06-10', 4, '/uploads/feedback-sheets/feedback-sheet-1749544200504.pdf', NULL, '2025-06-10 08:30:02'),
(7, '2025-05-05', '2025-06-10', 4, 'http://192.168.31.110:3000/uploads/feedbackbogen-auswertung_1749544318.pdf', NULL, '2025-06-10 08:31:59'),
(8, '2025-01-01', '2025-06-30', 4, 'http://192.168.31.110:3000/uploads/feedbackbogen-auswertung_1749550087.pdf', NULL, '2025-06-10 10:08:11'),
(9, '2025-01-01', '2025-06-30', 4, 'http://192.168.31.110:3000/uploads/feedbackbogen-auswertung_1749550572.pdf', NULL, '2025-06-10 10:16:17'),
(10, '2025-01-01', '2025-06-30', 4, 'http://192.168.31.110:3000/uploads/feedbackbogen-auswertung_1749550740.pdf', NULL, '2025-06-10 10:19:05'),
(11, '2025-01-01', '2025-06-30', 4, 'http://192.168.31.110:3000/uploads/feedbackbogen-auswertung_1749553484.pdf', NULL, '2025-06-10 11:04:49'),
(12, '2025-01-01', '2025-06-30', 4, 'http://192.168.31.110:3000/uploads/feedbackbogen-auswertung_1749554450.pdf', NULL, '2025-06-10 11:20:54'),
(13, '2025-01-01', '2025-06-30', 4, 'http://192.168.31.110:3000/uploads/feedbackbogen-auswertung_1749554496.pdf', NULL, '2025-06-10 11:21:38'),
(14, '2025-01-01', '2025-06-30', 4, 'http://192.168.31.110:3000/uploads/feedbackbogen-auswertung_1749558760.pdf', NULL, '2025-06-10 12:32:48'),
(15, '2025-01-01', '2025-06-30', 4, 'http://192.168.31.110:3000/uploads/feedbackbogen-auswertung_1749619417.pdf', NULL, '2025-06-11 05:23:43'),
(16, '2025-01-01', '2025-06-30', 4, 'http://192.168.31.110:3000/uploads/feedbackbogen-auswertung_1749619493.pdf', NULL, '2025-06-11 05:24:54'),
(17, '2025-01-01', '2025-06-30', 4, 'http://192.168.31.110:3000/uploads/feedbackbogen-auswertung_1749619586.pdf', NULL, '2025-06-11 05:26:32'),
(18, '2025-01-01', '2025-06-30', 4, 'http://192.168.31.110:3000/uploads/feedbackbogen-auswertung_1749619630.pdf', NULL, '2025-06-11 05:27:15'),
(19, '2025-01-01', '2025-06-30', 4, 'http://192.168.31.110:3000/uploads/feedbackbogen-auswertung_1749619872.pdf', NULL, '2025-06-11 05:31:14'),
(20, '2025-01-01', '2025-06-30', 4, 'http://192.168.31.110:3000/uploads/feedbackbogen-auswertung_1749619985.pdf', NULL, '2025-06-11 05:33:09'),
(21, '2025-01-01', '2025-06-30', 4, 'http://192.168.31.110:3000/uploads/feedbackbogen-auswertung_1749620143.pdf', NULL, '2025-06-11 05:35:45'),
(22, '2025-01-01', '2025-06-30', 4, 'http://192.168.31.110:3000/uploads/feedbackbogen-auswertung_1749620386.pdf', NULL, '2025-06-11 05:39:51'),
(23, '2025-01-01', '2025-06-30', 4, 'http://192.168.31.110:3000/uploads/feedbackbogen-auswertung_1749620547.pdf', NULL, '2025-06-11 05:42:28'),
(24, '2025-01-01', '2025-06-30', 4, 'http://192.168.31.110:3000/uploads/feedbackbogen-auswertung_1749620595.pdf', NULL, '2025-06-11 05:43:17'),
(25, '2025-01-01', '2025-06-30', 4, 'http://192.168.31.110:3000/uploads/feedbackbogen-auswertung_1749620623.pdf', NULL, '2025-06-11 05:43:45'),
(26, '2024-10-01', '2025-06-30', 4, 'http://192.168.31.110:3000/uploads/feedbackbogen-auswertung_1749620652.pdf', NULL, '2025-06-11 05:44:13'),
(27, '2024-10-01', '2025-06-30', 4, 'http://192.168.31.110:3000/uploads/feedbackbogen-auswertung_1749620757.pdf', NULL, '2025-06-11 05:46:02'),
(28, '2024-10-01', '2025-06-30', 4, 'http://192.168.31.110:3000/uploads/feedbackbogen-auswertung_1749620814.pdf', NULL, '2025-06-11 05:46:55'),
(29, '2024-10-01', '2025-06-30', 4, 'http://192.168.31.110:3000/uploads/feedbackbogen-auswertung_1749621012.pdf', NULL, '2025-06-11 05:50:14'),
(30, '2024-10-01', '2025-06-30', 4, 'http://192.168.31.110:3000/uploads/feedbackbogen-auswertung_1749621039.pdf', NULL, '2025-06-11 05:50:44'),
(31, '2024-10-01', '2025-06-30', 4, 'http://192.168.31.110:3000/uploads/feedbackbogen-auswertung_1749621062.pdf', NULL, '2025-06-11 05:51:07'),
(32, '2024-10-01', '2025-06-30', 4, 'http://192.168.31.110:3000/uploads/feedbackbogen-auswertung_1749621250.pdf', NULL, '2025-06-11 05:54:11'),
(33, '2024-10-01', '2025-06-30', 4, 'http://192.168.31.110:3000/uploads/feedbackbogen-auswertung_1749621539.pdf', NULL, '2025-06-11 05:59:04'),
(34, '2024-10-01', '2025-06-30', 4, 'http://192.168.31.110:3000/uploads/feedbackbogen-auswertung_1749622087.pdf', NULL, '2025-06-11 06:08:12'),
(35, '2024-10-01', '2025-06-30', 4, 'http://192.168.31.110:3000/uploads/feedbackbogen-auswertung_1749622157.pdf', NULL, '2025-06-11 06:09:22'),
(36, '2024-10-01', '2025-06-30', 4, 'http://192.168.31.110:3000/uploads/feedbackbogen-auswertung_1749622192.pdf', NULL, '2025-06-11 06:09:52'),
(37, '2024-10-01', '2025-06-30', 4, 'http://192.168.31.110:3000/uploads/feedbackbogen-auswertung_1749622393.pdf', NULL, '2025-06-11 06:13:15'),
(38, '2024-10-01', '2025-06-30', 4, 'http://192.168.31.110:3000/uploads/feedbackbogen-auswertung_1749622418.pdf', NULL, '2025-06-11 06:13:39'),
(46, '2024-10-01', '2025-06-30', 4, 'http://192.168.31.110:3000/uploads/feedbackbogen-auswertung_1749634086.pdf', '3 Monatige Maßnahmen First Measurement Unterricht 09:00 bis 16:15 Uhr', '2025-06-11 09:28:11'),
(47, '2025-06-09', '2025-06-11', 5, 'http://192.168.31.110:3000/uploads/feedbackbogen-auswertung_1749634204.pdf', '3 Monatige Maßnahmen First Measurement Unterricht 09:00 bis 16:15 Uhr', '2025-06-11 09:30:09');

-- --------------------------------------------------------

--
-- Table structure for table `form_links`
--

CREATE TABLE `form_links` (
  `id` int(11) NOT NULL,
  `token` varchar(255) NOT NULL,
  `name` varchar(255) DEFAULT NULL,
  `email` varchar(255) DEFAULT NULL,
  `expiry_date` datetime NOT NULL,
  `created_at` timestamp NOT NULL DEFAULT current_timestamp(),
  `updated_at` timestamp NOT NULL DEFAULT current_timestamp() ON UPDATE current_timestamp()
) ENGINE=InnoDB DEFAULT CHARSET=utf8mb4 COLLATE=utf8mb4_general_ci;

--
-- Dumping data for table `form_links`
--

INSERT INTO `form_links` (`id`, `token`, `name`, `email`, `expiry_date`, `created_at`, `updated_at`) VALUES
(1, 'e40eb51b530e55ec188e616832485e39fdb25d92ff589b682df34bee17d2f275', NULL, NULL, '2025-05-03 15:26:55', '2025-04-26 09:56:55', '2025-04-26 09:56:55'),
(2, '0d0ea827f8a8a50dee412f301df8748f44b868da48093ec02422b3f14a3ea6b4', NULL, NULL, '2025-04-26 16:55:10', '2025-04-26 09:57:06', '2025-04-26 11:25:10'),
(4, '223747afccc7560e3004ce20d6fbfc39b7afec9c02d3583eab2760a7dde3e210', NULL, NULL, '2025-04-27 12:57:00', '2025-04-27 07:09:18', '2025-04-27 07:27:00'),
(5, '04b573814e81ce91f2001fa8e50f1859aba40ae0fbbad0f2b4863163dd612997', NULL, NULL, '2025-04-29 21:38:52', '2025-04-27 07:12:11', '2025-04-29 16:08:52'),
(6, 'c20712ded80f3ac4b46a0770f809ae2bfcaabc491a90f457ca610bb9d4a097c1', NULL, NULL, '2025-04-29 20:21:13', '2025-04-29 14:50:14', '2025-04-29 14:51:13'),
(8, '1149a69f267def5952d062b90ae880ca559448e0ec8e7aef9bbcde96e0b2b97f', NULL, NULL, '2025-05-09 10:53:05', '2025-05-02 05:23:05', '2025-05-02 05:23:05'),
(9, '3c6a73f6d3ddcac6d6f68a9f2b6b51c9acd7fbc06d1b9626d6a390fa368e1699', NULL, NULL, '2025-05-15 14:14:46', '2025-05-08 08:44:46', '2025-05-08 08:44:46'),
(10, 'c1fe3e4fe99fc8f0afa23fc86eb0d62ae7cd7c03e9a058dc3d7b37c7bab3b413', NULL, NULL, '2025-06-03 18:09:46', '2025-05-27 12:39:46', '2025-05-27 12:39:46'),
(11, '86f0a1ca32a4455bf571d3238e80ae348c812eb9d179b9ef8968df2489414131', NULL, NULL, '2025-06-03 12:21:14', '2025-06-03 06:48:02', '2025-06-03 06:51:14'),
(12, '61dc2a67962badcc3782f0f357e3e4ee99eedc612bf6536bcbd6644ecd506e82', NULL, NULL, '2025-06-03 12:30:45', '2025-06-03 06:59:36', '2025-06-03 07:00:45'),
(13, '3acfc44f2812b2de7d275d08874c9bbc7d53302e2234cd874a87d31a66273b22', NULL, NULL, '2025-06-20 15:38:51', '2025-06-13 10:08:51', '2025-06-13 10:08:51');

-- --------------------------------------------------------

--
-- Table structure for table `form_responses`
--

CREATE TABLE `form_responses` (
  `id` int(11) NOT NULL,
  `form_link_id` int(11) DEFAULT NULL,
  `basic_info` longtext CHARACTER SET utf8mb4 COLLATE utf8mb4_bin NOT NULL CHECK (json_valid(`basic_info`)),
  `languages` longtext CHARACTER SET utf8mb4 COLLATE utf8mb4_bin NOT NULL CHECK (json_valid(`languages`)),
  `special_knowledge` longtext CHARACTER SET utf8mb4 COLLATE utf8mb4_bin NOT NULL CHECK (json_valid(`special_knowledge`)),
  `professional_suitability` longtext CHARACTER SET utf8mb4 COLLATE utf8mb4_bin NOT NULL CHECK (json_valid(`professional_suitability`)),
  `personal_suitability` longtext CHARACTER SET utf8mb4 COLLATE utf8mb4_bin NOT NULL,
  `personal_information` longtext CHARACTER SET utf8mb4 COLLATE utf8mb4_bin NOT NULL CHECK (json_valid(`personal_information`)),
  `personal_suitability_applicant_signature` longtext NOT NULL,
  `professional_information_applicant_signature1` longtext NOT NULL,
  `professional_information_applicant_signature2` longtext NOT NULL,
  `assessment` longtext CHARACTER SET utf8mb4 COLLATE utf8mb4_bin NOT NULL CHECK (json_valid(`assessment`)),
  `notes` longtext CHARACTER SET utf8mb4 COLLATE utf8mb4_bin NOT NULL CHECK (json_valid(`notes`)),
  `pdf_url` varchar(255) DEFAULT NULL,
  `created_at` timestamp NOT NULL DEFAULT current_timestamp(),
  `updated_at` timestamp NOT NULL DEFAULT current_timestamp() ON UPDATE current_timestamp()
) ;

--
-- Dumping data for table `form_responses`
--

INSERT INTO `form_responses` (`id`, `form_link_id`, `basic_info`, `languages`, `special_knowledge`, `professional_suitability`, `personal_suitability`, `personal_information`, `personal_suitability_applicant_signature`, `professional_information_applicant_signature1`, `professional_information_applicant_signature2`, `assessment`, `notes`, `pdf_url`, `created_at`, `updated_at`) VALUES
(1, 1, '{\"first_name\":\"Dhimmar\",\"last_name\":\"Jay\",\"street\":\"456 Park Avenue\",\"house_number\":\"303\",\"plz\":\"394327\",\"city\":\"Dist. - Surat\",\"birth_date\":\"2025-04-02\",\"place_of_birth\":\"surat\",\"country_of_birth\":\"India\",\"email\":\"test@gmail.com\",\"interested_measure\":\"Partial qualification as a specialist in protection and security online: Protecting people and objects (TQ1) online\",\"entry_date\":\"2025-04-26\",\"departure_date\":\"2025-04-26\"}', '{\"german\":\"Verhandlungssicher\",\"english\":\"Very good\",\"french\":\"Very good\",\"turkish\":\"Verhandlungssicher\",\"arabic\":\"Very good\",\"other\":\"Verhandlungssicher\"}', '{\"knowledge_1\":\"wergf\",\"knowledge_2\":\"hgj\",\"knowledge_3\":\"hjhkl\"}', '{\"has_internet_device\":false,\"b1_level_available\":true,\"job_board_access\":true,\"good_conduct_was_available\":false}', '{\"shift_system\":true,\"working_hours\":false,\"health_restrictions\":true,\"furniture_transport\":true,\"miscellaneous\":\"sfdgg\"}', '{\"security_sector_experience\":true,\"last_employment\":\"q55yrtghj\",\"current_employment\":false}', 'data:image/png;base64,iVBORw0KGgoAAAANSUhEUgAAASwAAABkCAYAAAA8AQ3AAAAAAXNSR0IArs4c6QAACpBJREFUeF7tnd+x3TQQh5UOKCF0ABUEKkgJhAqgg0AF8MI7qYChAkgF0EHCOzOkA7h78c7daCRZliVZkr8zw5Dk2PrzrfQ7u2tZeub4QAACEJiEwLNJ2kkzIQABCDgEi0EAAQhMQwDBmsZUNBQCEECwGAMQgMA0BBCsaUxFQyEAAQSLMQABCExDAMGaxlQ0FAIQyBGsLzxMv4MNAhCAwBUEYoIlIvXaOeeLlbZRRevt9g/yd4TsCgtSJwRuRCAkWN9tYhUSpxcJEbPXq5DJv4mQqfDZP4cwW9FDAG80EOkqBHIIhATr3+3G7x/+L+IV+4gIqRCJkMkn5pHltCV2je/Npdp0ph7uhQAEBifgC9bPzrmvnHN7YpXTLStoKc9Kxc6WmSt8Uq4NS9Wjy2kf10AAApMR8AVLvaucZHyPrqpwWQHLCUtVuPzQlDCzh9WoAwKNCFhh0txVDe+qUXM/KtaK2Qfn3MvMkNR6ZYSXPSxFHRCoRMAK1m/bhJ9FsFIINBzNza1Jn+WDgFUaWBQDgRYErGCNFg7W7q/NqcmSjdhHxYulGrUtQHkQOElABWu2cPBktx9vzxWwN845eRhB/qsGdcqAwAkCdxYsH5sNI1MLZiWRj/d1YtBxKwRKCahgrR4OlvBRAfvGOfdJpIAV8n0lbLgHApcQEMGSiSkJd/EavrykFeNXquIVy32RtB/fhrRwAQIiWHfMX50xXY548bTxDGHuhUCEAIJ1bmiIMMUWsorXRa7rHF/uhsBHBESwdP2VhIM8CSsbIOpRhUJGecr4fvNky0rnLghA4JGACBYJ97qDwd/twpZOrqsua0q7GQEEq9zg9tUg9Uyth7qX6xKv66/N+3pV3gzuhMB9CCBYebZWcfphW+LwPO+2Q1fpO44k7A9h4+I7EUCw0tbe23m11Vghn9iKLOVOTQDBCptvT6j8hxO5+3fZ2iQkTHlqo2zxM/UAp/FrEUCwnuwpovPZtoGh/N//iEjpUoW9UWC3hPavle9U8FJ5rj+dc5/vVcT3ELgTAQTr/5X+qQM3erx+E3uySGh4p9lIX3cJ3FWw9kTqiDe1C/nABe+8MFHCxk8P3M+lEFiawB0FSxfKhgx7lVBpW0KeVg8Pb+lBTufWIXAnwdIDNkYUqpRgyXeEhuvMOXpygsAdXs1JhX+jeS8p7w/ROjHQuXUNAqsLViyZPZpQ6Wjyc1j+KEO01ph39KKQgBWs1fbDCnkro/fxj21phZhTEu5fby+nW/OOKraFQ5DbIJBPYMUN/EIh4NXJ9FyL6Ivocr2Kq26waMvA08olynVLEbCCJR2bfXX17E/ZrGBZTyrUL0RrqalIZ3II+Hu6zzwJ/EktK8V/fYAwy8vEviflh35+/0YPb3PGH9dA4BABFSzN98w6CVaYzL5ghX48/H7O/ANzaKByMQRsCDizYO15JrNYOkeMZs5nhbaT5gHCLKNzkHaqh2Unwiy/2qHk+swTwBesWD7RF63RveKQyPLUcxABmK0ZdlLM5GXNnlwPjRN/GUbqAYh/7Yg/MrGntXLGo78bxojtn20u36K9IcEa+WlhSKhmWbKwN6BCSxpi94zsZeUuK7Gii2DtjQ6+fyRgBWvUsDD2as0qQqVDMbakITZU7fUj/MjE7BQL0+14Gz2sRS4GIeCHHaOEhTr4BZO/m+dqQqV9FPb6ycnFHQkhWw631A9K6iRx30ucfQ1gS8aUvRHwB8nVXlbqReUVhUoHYm7C3Q7cqz2slEeVc4CsL1jssIos7RII/arpROjlpscG/tvtzMTcbYl3OzvwBVawcrlbweq90V/oPc0cr9A3wdWiO/CQoGkhAiHBap0M1RAvti3xyp5UbBRawcqd+EdzXjVmQGiBrvywlL5NMMPTzhrcKKMSgZBg1U6GpvJR2g0VKfm7fyJNpa4OXYyduLm5HCtYrZ+ytVrzNvLTzqEHzF0bF5scdgLl/uIrwxyBUmHSo9vvKFKxfFSOYJ2xz9Gx7ntBuSFrbj14WbmkuC66O0POe20W355I3SkfVTKs1Fva+3EIeTqtvCupS0661kWerUL1o2OthC/3LEIg9WsuA/TF1s/Yr+pdn+rVNP+3mzBImT855/52zr10zn0IVOIv8dgTuNJ2tvaq/HYdWTRb2ifuW4BASrBC74BpCCdC5k8ePx81Y5jn9ym0BizW79hwEOGR11Hkoz8A8uej5djydTfS2oxDOaUeT2lHWVO2wJReuwt7+ZLYnug+lVbhwlH6KgJWDFQkYgKxd2T80TbUuF5DaClL/myFrpWA+LZu5b2F+BAW1hg1NyhjT7AEQUq0rhIqK0x7gtTbjNbrEbF5/vCfHDGmbfa9Il3h3lMgfCbWw7nKpjkpiN62pL7BCOQIljbZrrXJWclcu6s6sc+EUrE2SX9igqL3iPjYjy88JeFZyfqrmlyvCgHxsmpa8UZlHRGsK7GE8mlH26OCIsJjxaVEaI7WHbveClZvW1wZAsZ49FyuUcuGlNORQO9JUto1u2xC8zohb0eu0xBMv79SkPb6m7ucYa+co9+PuvaJ5PtRS97s+lkEa0WzXBEOjhQC5oSFtReprjiObtUnBOs6c5e8jnOmtb73cmWSP9WPnL3tz3Dg3okJIFjXGa9XOCgCIAtRW69Yr0UylK9stZq/VpsppxMBBKsTaK8a60W0nIy9V6zXohkSLcZqLboTl8MguMZ4rZ8OrnBS9ApnTV4zuhauFcG6xrj/bK/r1M4jxbaBuWLdXA2yoY0CGbM1yE5aBsbvbzgb7tQKB2MvodcWxP60nAuJVi1uV/SHOk8QQLBOwCu8tXY4uPLRZ4oY0SocbKvdhmD1t2itPfNjXtWq3seKh+f2H32T14hg9TdgjeUMMa8qdaxW/57WrxHRqs90qhIRrL7mOru6PeRVXbW7Ql9yT7XZDQ/1X+WIsDcPDzJ+vKpR1NuHAILVh7PWUpq/EqHy36eUMldIqpdYILblkW4wWXqKT0lbuKcjAQSrI+yHjfhKXseRyefv8Mqho+l92lTMZ13O0XdUTlQbgtXXWEcT7qGnY7wQ/GQz8TpV0FOWxPPqO86b1YZgNUMbLFgFS/ItrxJVx/b/umsIuGelWMjs37fqE9Q9Pst8j2D1M2Vuwj3kVd05X3XUQqktvRGsozQHux7B6meQvYR7bF2VtJCJVmYnTb6/vvEDijJyg96FYPUzjD17z3JPCRVi1c8+1DQBAQSrj5Fi4WAs/JNWkVzvYxtqmYgAgtXHWP7hCiJGv5gDVv1WkFzvYxdqmYwAgtXHYDYclDVUuvunX/vdVq33oU8tyxBAsPqY8t12mk+sNhEqOX6MFdp97EEtkxJAsPoYLrau6v32DhxC1ccO1DI5AQSrrwGvPj27b2+pDQKVCSBYlYFSHAQg0I4AgtWOLSVDAAKVCSBYlYFSHAQg0I4AgtWOLSVDAAKVCSBYlYFSHAQg0I4AgtWOLSVDAAKVCSBYlYFSHAQg0I4AgtWOLSVDAAKVCSBYlYFSHAQg0I4AgtWOLSVDAAKVCSBYlYFSHAQg0I4AgtWOLSVDAAKVCSBYlYFSHAQg0I4AgtWOLSVDAAKVCSBYlYFSHAQg0I4AgtWOLSVDAAKVCfwHTO8Wgwx9J9AAAAAASUVORK5CYII=', 'data:image/png;base64,iVBORw0KGgoAAAANSUhEUgAAASwAAABkCAYAAAA8AQ3AAAAAAXNSR0IArs4c6QAABTJJREFUeF7t3IFtE0EQRuGjA0qASoDKgEqgE6ASKIEOICNlpdUJY29sz9wkn6UIQ9Y34/ePH3tnJ682NwQQQKAJgVdN+tQmAgggsBGWIUAAgTYECKtNVBpFAAHCMgMIINCGAGG1iUqjCCBAWGYAAQTaECCsNlFpFAEECMsMIIBAGwKE1SYqjSKAAGGZAQQQaEOAsNpEpVEEECAsM4AAAm0IEFabqDSKAAKEZQYQQKANAcJqE5VGEUCAsMwAAgi0IUBYbaLSKAIIEJYZQACBNgQIq01UGkUAAcIyAwgg0IYAYbWJSqMIIEBYZgABBNoQIKw2UWkUAQQIywwggEAbAoTVJiqNIoAAYZkBBBBoQ4Cw2kSlUQQQICwzgAACbQgQVpuoNIoAAoRlBhBAoA0BwmoTlUYRQICwzAACCLQhQFhtotIoAggQlhlAAIE2BAirTVQaRQABwjIDCCDQhgBhtYlKowggQFhmAAEE2hAgrDZRaRQBBAjLDCCAQBsChNUmKo0igABhmQEEEGhDgLDaRKVRBBAgLDOAAAJtCBBWm6g0igAChGUGEECgDQHCahOVRhFAgLDMAAIItCFAWG2i0igCCBCWGUAAgTYECKtNVBpFAAHCMgMIINCGAGG1iUqjhQTeb9sWX28evr4+3P9e2MuLLk1YLzp+T/5RRANESClu77Zte71t2+/d98e6D6RVMzuEVcNd1dsRGJKJXc+4H0ef78fO6Ncko/33V7uJWiEtt2QChJUM/BmXG4I4JZBLn/q/5LJ/7CyjS497at3+9O7H48Jx+hd/HTL8Nh3ELuta8k94PGE9Adozf8hePPPTPXeqlI1miOTUNaXP005rXvPUa1AhrFnIdlnJiRNWMvADlZvFFCK61a5lyCCOd04MYzcz72LG/YHq3DEykcZzssvKJL6rRViF8JNLDyF9fKy7IqghjRDMfKq0l0vyUyopN++ynBYmR0BYycATy4234mP3FJKJr//dZind4vQp8ammlpqFFaecn1Krv/BihPW8BiAkFTuoS3ZPIaXYMcWfRzrtOnoiIaixS/VuYXJahJUM/E7lLhFVvLhiR0BO14VAWNfxu+rRhHUVvtIHj1O+8b/9v5ohqdtH5J3C2zO9+IiEdTGqwyy8ZDfl2sr94iKs+7E9e2TCOovoMAtCVF/OXDwnqvvH9XPKID49//b+JVUYBAjr2LNwyW7KaV9uhn925byGEvmDnQh7oRRRLcBKXkpYycDncoRVCH9XmqSOk8X/OpmF5WMNyZkRVjLwE+XmC7nzkvERBB9HOEZO0YUdVmEWhFUI/7H0/ufT4p9dl6rP5VQHhFWYDWEVwp9Kx4cR40do7KSOkYdTwoPmQFgHDUZbhyXgGlZhNIRVCF/pdgT2p+8+95YcIWElA1euNYH55wjjiRBWcpyElQxcudYE9sLy+kmOE/Bk4Mq1JuA3NRTHR1jFASjfisB8wd3pYEF0hFUAXcm2BGZh+fXIBTESVgF0JdsSmIXltVMQI+gF0JVsS2AIy+lgUYSEVQRe2ZYE4qK734FfGB1hFcJXGgEE1ggQ1hovqxFAoJAAYRXCVxoBBNYIENYaL6sRQKCQAGEVwlcaAQTWCBDWGi+rEUCgkABhFcJXGgEE1ggQ1hovqxFAoJAAYRXCVxoBBNYIENYaL6sRQKCQAGEVwlcaAQTWCBDWGi+rEUCgkABhFcJXGgEE1ggQ1hovqxFAoJAAYRXCVxoBBNYIENYaL6sRQKCQAGEVwlcaAQTWCBDWGi+rEUCgkMBfzVhwZR+9GBcAAAAASUVORK5CYII=', 'data:image/png;base64,iVBORw0KGgoAAAANSUhEUgAAASwAAABkCAYAAAA8AQ3AAAAAAXNSR0IArs4c6QAABclJREFUeF7t3YFx3DYQQFGqstiVuJTEndgluALbHbiEpJIk6xFsDHUnHo5HAQu+m9FYmgOJxd/1HwAHUU+LFwIIIJCEwFOSOIWJAAIILISlCBBAIA0BwkqTKoEigABhqQEEEEhDgLDSpEqgCCBAWGoAAQTSECCsNKkSKAIIEJYaQACBNAQIK02qBIoAAoSlBhBAIA0BwkqTKoEigABhqQEEEEhDgLDSpEqgCCBAWGoAAQTSECCsNKkSKAIIEJYaQACBNAQIK02qBIoAAoSlBhBAIA0BwkqTKoEigABhqQEEEEhDgLDSpEqgCCBAWGoAAQTSECCsNKkSKAIIEJYaQACBNAQIK02qBIoAAoSlBhBAIA0BwkqTKoEigABhqQEEEEhDgLDSpEqgCCBAWGoAAQTSECCsNKkSKAIIEJYaQACBNAQIK02qBIoAAoSlBhBAIA0BwkqTKoEigABhqQEEEEhDILOw3i3LEl9/paEtUAQQ2EUgq7BCUn8+j/zj/+L69vy1C4aLEUBgbAJZhRUzq68rtCEus62x6010COwikFVYZdD/Xhj952VZ/iavXXXhYgSGJJBdWAG1Xh7WkGOZ+J24hqw7QSFwF4EZhPWatOI9S8W7SsNFCIxHYBZhBdlPy7J8eAUxcY1XfyJCoInATMLammmZbTWVhsYIjEdgNmEF4UufIK7Jm22NV4siQmCTwIzCKoO+thlf3ietzfLQAIGxCMwsrDLbigOmMeu69IpPEsvB07EyIxoEEHhBYHZhmW0pegQmInAWYd0iLkvEiQrbUOYkcDZhRRbtbc1Zy0Z1AgJnFJbZ1gkK2xDnJHBmYdXi+uPCxvyPZVm+PM/I5sy+USGQjABh/U5YedJDeWxNecfja5IVtXDnJUBYl3N7aZ/Lpvy8/w+MLAkBwno9UcSVpJCFeQ4ChHVbnq+Jy5NOb+OnFQIPIUBYbRivHYmwz9XGUWsE7iJAWHdhe/Whgf944ul9UF2FwBYBwtoitL3HFS3WnyzWnzDG9541v4+zqxH4SYCwHlcI145FkNfjGLvTyQkQ1jEFUP5m4tbMy6b9MfzddVIChHV8You8Lp2mr2df5HV8LvSQnABhvX0CLR3fnrkeJyFAWH0TSV59+es9GQHCGidhW/LydxbHyZVIOhEgrE7gN7q17zVmXkTVmQBhdU7Ajd1vzb7ipH28nPe6EahmOQkQVr68kVe+nIn4QQQI60EgO91m67xX2fdyZKJTgnT7WAKE9Vieve9m9tU7A/o/lABhHYq36823Nu7L7MveV9c06byFAGG10MrddktgMTqPycmd4+mjJ6zpU3x1gEVg0eDSrw3Z/zpvbQw7csIaNjVdAqtnYRFA/ByvkFe8vj9/X37uEqROz0uAsM6b+1tHfm0mFtKKJWS87/zXrTS120WAsHbhO+3FtcQCQjxG5/OyLJ9WM7LTAjLwYwgQ1jFcz3bXsnQs8irjjyVkWVJaRp6tKg4YL2EdANUtfxFY74mVfTASUyR3ESCsu7C5aAeBst9VfzJZnwlzKn8H3NkvJazZM5xjfPWmff1Y6VpkZmU5cnlolIR1KF4330lg/Qll3K7eLysSK3tl5ef6350huHwkAoQ1UjbE0kKgiGstsPVSs9yz/gCA0FpID9SWsAZKhlAOI1BmarHELEvOIrAQXPzx2ziSEe3soR2Whv03Jqz9DN0hN4F6hla+D4mV5ed6H62MthzTcFzjDfNPWG8IW1cpCayXnrXM1gOq5bVegq5FlxJG76AJq3cG9D8DgVv20+pxhtjimvfV72nOwOHwMRDW4Yh1gMALAmVPze9gNhYHYTUC0xwBBPoRIKx+7PWMAAKNBAirEZjmCCDQjwBh9WOvZwQQaCRAWI3ANEcAgX4ECKsfez0jgEAjAcJqBKY5Agj0I0BY/djrGQEEGgkQViMwzRFAoB8BwurHXs8IINBIgLAagWmOAAL9CBBWP/Z6RgCBRgL/ARoFj2V3mievAAAAAElFTkSuQmCC', '{\"measure_target_achievable\":true,\"clerk_name\":\"Dhimmar Jay\",\"clerk_date\":\"2025-04-26\"}', '{\"clerk_remarks\":\"dfadsgfgh\",\"submission_date\":\"2025-04-20\",\"date_of_entry\":\"2025-04-26\",\"will_be_submitted\":true,\"reminder_set\":false,\"good_conduct_was_available\":\"Relevant entry\"}', '/uploads/data_collection_1745665584.pdf', '2025-04-26 11:06:24', '2025-04-26 11:09:52'),
(2, 2, '{\"first_name\":\"Dhimmar\",\"last_name\":\"Jay\",\"street\":\"456 Park Avenue\",\"house_number\":\"303\",\"plz\":\"394327\",\"city\":\"Dist. - Surat\",\"birth_date\":\"2025-04-26\",\"place_of_birth\":\"surat\",\"country_of_birth\":\"India\",\"email\":\"test@gmail.com\",\"interested_measure\":\"Partial qualification as a specialist in protection and security online: Protecting people and objects (TQ1) online\",\"entry_date\":\"2025-04-26\",\"departure_date\":\"2025-04-26\"}', '{\"german\":\"Mother Tongue\",\"english\":\"Verhandlungssicher\",\"french\":\"Very good\",\"turkish\":\"Very good\",\"arabic\":\"Verhandlungssicher\",\"other\":\"Mother Tongue\"}', '{\"knowledge_1\":\"wergf\",\"knowledge_2\":\"hgj\",\"knowledge_3\":\"hjhkl\"}', '{\"has_internet_device\":false,\"b1_level_available\":true,\"job_board_access\":false,\"good_conduct_was_available\":true}', '{\"shift_system\":false,\"working_hours\":true,\"health_restrictions\":false,\"furniture_transport\":true,\"miscellaneous\":\"dfggfh\"}', '{\"security_sector_experience\":true,\"last_employment\":\"ghghsg\",\"current_employment\":true}', 'data:image/png;base64,iVBORw0KGgoAAAANSUhEUgAAASwAAABkCAYAAAA8AQ3AAAAAAXNSR0IArs4c6QAABlFJREFUeF7t3dGR6zQUgGHdCqADYIYCoAKgEqAEKrjQASVAJUAHFMADdMAjb3DP3GjQaNZrR7Ejn+TzzE7iXcs6/s/Zf2WtkrwpNgQQQCAJgTdJ4hQmAgggUAhLESCAQBoChJUmVQJFAAHCUgMIIJCGAGGlSZVAEUCAsNQAAgikIUBYaVIlUAQQICw1gAACaQgQVppUCRQBBAhLDSCAQBoChJUmVQJFAAHCUgMIIJCGAGGlSZVAEUCAsNQAAgikIUBYaVIlUAQQICw1gAACaQgQVppUCRQBBAhLDSCAQBoChJUmVQJFAAHCUgMIIJCGAGGlSZVAEUCAsNQAAgikIUBYaVIlUAQQICw1gAACaQgQVppUCRQBBAhLDSCAQBoChJUmVQJFAAHCUgMIIJCGAGGlSZVAEUCAsNQAAgikIUBYaVIlUAQQICw1gAACaQgQVppUCRQBBAhLDSCAQBoChJUmVQJFAAHCUgMIIJCGAGGlSZVAEUCAsNQAAgikIUBYaVIlUAQQICw1gAACaQgQVppUCRQBBAhLDSCAQBoChJUmVQJFAAHCml8DX5ZS4uuLy+NX7x5/nR+WCBA4HwHCum9OQkyxfVNK+ejyvH6vRvLDuyff3zcsvSGQgwBhHZunfvS01luMrGKEZUMAgRcIENZ+ZVFHSm8XRk5LPYWkYlTlNnC/XDjTgxIgrPHEXjt66nv6s5TyLVGNJ0DL5yNAWOs5ryOnOjEeLfp5p/WzvB9B/XYRlNHUFmKOQaAjQFj/A9lTTHHWKqd4TlB+9RDYgcCzCusWOYV8Pi6l/NyIiJB2KEanQGCNwLMIq51v2npL10ooJsWNlNaqyc8ROJjAIwqrHT21805LKInp4CJzegT2IpBdWP2t3WuT4VVM5pb2qh7nQeDOBLIJq13rtCYnYrpzMekOgaMJnF1Y7dxTxBqvt+u3OnIyz3R0tTg/ApMJnEVY7Whpy0rxujrcRPjkAtI9AvckcG9hjS4nsOjynlWhLwROSuBoYY28vs4t3kmLRVgIzCZwhLBCUltv6+L6TY7PrgL9I5CEwF7CWnshsFFTkoIQJgJnJrCHsH554cXA5pzOnHWxIZCUwKiwYkQV74pZlxm0Iyivq0taDMJG4OwErhVWiCpGVHXz5nNnz7D4EHggAluE1c9Pud17oAJwKQhkIrAmrLjtq//xi+vyiS6Zsvv4sdZlM/FHtF183H6/pVCPM22RtDaWhNWKym1f0uQmDvulBcbt5Yy842uPI96i+pPEjJ4y9F5YdQ1VLQgfOfWUZXHXix5ZXLxXgN+VUn7c62TOczyBKqw6T1Vv/3zc1PHsn62H0ZdlbeH0z+Wg+vhh0+iPUsqnl/0YVcX2Vynlg1LK51tO7pjzEAhhtaMqt3/nyU22SKqQPiulxFds8VbS8VU/NPbaa/r70iAeQzJ1q+KJ/fZ57PfzU+arrqV+4uNDWP9e4jOqOnGiJoTWTlzHnGZII0RU196FiFpZxP41Wy8SL9G6ht6THluFZa7q8QqgnZiu/x17bbK6fa+xektVH7fKqJVQCKgf8RjtPF6d3fWK2hFWfQO8+Gt6j23tPz39v6Zj/6WCj+9FzO3P+mPX+rrH9b705oNr/UbckZdoG48xx9iKIPZr3tpr7mX1Wj8tt34ZS9+uF1K7T0Zr2fTzmwm0wnrpZHWR6FLh9iJY+6XcQxy/X25Pltbg9Gtyauz1F+qWGNpz98+jnyWptvyqcJaS99oczJbz31IU/XIWH/x6C01tdycQwvqplPL17me+7oRbbiWWFgNe15Oj1wgcLcW1/v0cgUUC7TqseisYo6RbRiH9iKbut5OqS8dIFQIIILBJWP1BvbT6/aX5JLgRQACBQwisvZbwkE6dFAEEEBghQFgj1LRBAIEpBAhrCnadIoDACAHCGqGmDQIITCFAWFOw6xQBBEYIENYINW0QQGAKAcKagl2nCCAwQoCwRqhpgwACUwgQ1hTsOkUAgREChDVCTRsEEJhCgLCmYNcpAgiMECCsEWraIIDAFAKENQW7ThFAYIQAYY1Q0wYBBKYQIKwp2HWKAAIjBAhrhJo2CCAwhQBhTcGuUwQQGCFAWCPUtEEAgSkECGsKdp0igMAIAcIaoaYNAghMIUBYU7DrFAEERggQ1gg1bRBAYAqB/wD8jKxly82RXQAAAABJRU5ErkJggg==', 'data:image/png;base64,iVBORw0KGgoAAAANSUhEUgAAASwAAABkCAYAAAA8AQ3AAAAAAXNSR0IArs4c6QAABpVJREFUeF7t3UGW4zQQgGHPDVjODm4CcxKOAtwETjJwA47Aki0ngCdeaqZG46TtPFtRJV823clz5PJf5d+SLHe/W7wQQACBIgTeFYlTmAgggMBCWIoAAQTKECCsMqkSKAIIEJYaQACBMgQIq0yqBIoAAoSlBhBAoAwBwiqTKoEigABhqQEEEChDgLDKpEqgCCBAWGoAAQTKECCsMqkSKAIIEJYaQACBMgQIq0yqBIoAAoSlBhBAoAwBwiqTKoEigABhqQEEEChDgLDKpEqgCCBAWGoAAQTKECCsMqkSKAIIEJYaQACBMgQIq0yqBIoAAoSlBhBAoAwBwiqTKoEigABhqQEEEChDgLDKpEqgCCBAWGoAAQTKECCsMqkSKAIIEJYaQACBMgQIq0yqBIoAAoSlBhBAoAwBwiqTKoEigABhqQEEEChDgLDKpEqgCCBAWGoAAQTKECCsMqkSKAIIEJYaQACBMgQIq0yqBIoAAoSlBhBAoAwBwiqTKoEigABhqQEEEChDgLDKpEqgdxL4YeV7a5/d2fzye/fF/v297freCgHCUhYVCWThtN+/X5blj8vPdjxHCukIPiGxFmN7tfcRY/ud5DZSJqyNoCbY7OPlpIyCzz8nCO/QEOJkDhlF41tEtHbyhygys9bWXlFs2X/bRxPonpjbtn8ty/LdJaYstmhnb6yHJmSWxghrlkzcjuPnZVl+2hjqL912udAfXfRrPaMc7i0h5NjbCT3TcW1Mzf+btWNcO84mq29TT3Ftm3bMWWaPzuee4z5kW8I6BOPpjbTibT2so179yX/tKr71hMi9lTjRsmD7k+9aL6iqhI7Ky7V2suRa7y0PJ4N9u1DF71vzdnbch7dPWIcjPb3Bvnj3Dj32BPj3sizvL1/4c1mWfy5Dl/ZRe/9NaizmZfLPfl9PeyLtgXrwtmsyyz2x1jt/mhdhPU0qPx1Inv+JD/NV+cwj7ocs13puZ8ag7c/DzjyXFsPo0hcNwqpV3nnoFVfOXJRxNP0cz62hxiipZZllkZU+gQqVT/TEol7aELIce8Kap+LyPE+b/8l3tnKUI+Z51nppLYYze2q90NzuP7c2I8dtbvTDZVfTC4ywzi2Kfn4prxnq99xkEHf4pi+cS/D9Ha8zhNavYWq7JrNj6zbymOcfp6xBwjom8fmuTdzNywsZ8xBtykI4BsNXrawJrW20dT3TlrDWemYhtS3ft82XBPJd3unmvQhrf7m2hMYt+7UFiU6W7UxHCa1F9NLrl7an5Istc36m6NUS1vrVpR/K5YnpkpOVdxbsDF+7Np8Wc2p9jHt7b79dlmrE4z3RXt8Tjvf5xscMfEbFEIuXW/0/bKnEqwprrajzZ1NcTUZV4ovsp89vXwP5ff9sYn8By/K69WTBM/a2Q1xton749MarCCsXY55vGg78ReTwrIfZrzDv5+NuPYTdL6hdm06oVI9trnb4aOOZhHXtTserduGfVRpVj+vWUpFbNyKyxPqlLmuCO1N6cQytl9XkPNwfw3d4ULXlMfSIdUkHha0ZBDYRWBsR5HnU3MiWObs1iYX88tzdtaFwCDXuyD5syqSKsKa+1bqpBG2EwBgC1wS2RWw5wik7ArMLKy8hiNW4Y9JuLwggMB2BGYWVJTV8Um+6DAkIAQQ+EZhJWE1U7c5D64oSlSJFAIGvCMwgrFjXQVQKFAEEbhJ4lLBiCUL8WVg9KoWKAAJvEhgtrJifirVRRPVmimyAAAJBYKSw2vxUiModPzWIAAK7CYwSVsjqoQ9O7qbjCwggMBWBEcL6dVmWHy93/h72lPdU1AWDAAJ3ERghrH8vkT3k6e67qPgSAghMSWCksHoA8Z9u85/niMcBznyAc8pECAoBBN4mMEJYe/5rcY7YfNfb+bMFAi9FYISwAmj+t1RbH8Q0jHypcnSwCNwmMFJYfSRbBPbI+NQOAghMRmA2IfR/xnYyXMJBAIFHEphNWI9kYd8IIDA5AcKaPEHCQwCBzwQISzUggEAZAoRVJlUCRQABwlIDCCBQhgBhlUmVQBFAgLDUAAIIlCFAWGVSJVAEECAsNYAAAmUIEFaZVAkUAQQISw0ggEAZAoRVJlUCRQABwlIDCCBQhgBhlUmVQBFAgLDUAAIIlCFAWGVSJVAEECAsNYAAAmUIEFaZVAkUAQQISw0ggEAZAoRVJlUCRQABwlIDCCBQhgBhlUmVQBFAgLDUAAIIlCFAWGVSJVAEECAsNYAAAmUIEFaZVAkUAQT+A/8syWXq7LURAAAAAElFTkSuQmCC', 'data:image/png;base64,iVBORw0KGgoAAAANSUhEUgAAASwAAABkCAYAAAA8AQ3AAAAAAXNSR0IArs4c6QAABS1JREFUeF7t2oGN00AQBdC9CqAD6AA6ACqgBOgESqADoAM6ADqADqADOgCN5JVWixPbR07HV14klLvEdiZvxj8bHzfNjQABAiECNyF1KpMAAQJNYBkCAgRiBARWTKsUSoCAwDIDBAjECAismFYplAABgWUGCBCIERBYMa1SKAECAssMECAQIyCwYlqlUAIEBJYZIEAgRkBgxbRKoQQICCwzQIBAjIDAimmVQgkQEFhmgACBGAGBFdMqhRIgILDMAAECMQICK6ZVCiVAQGCZAQIEYgQEVkyrFEqAgMAyAwQIxAgIrJhWKZQAAYFlBggQiBEQWDGtUigBAgLLDBAgECMgsGJapVACBASWGSBAIEZAYMW0SqEECAgsM0CAQIyAwIpplUIJEBBYZoAAgRgBgRXTKoUSICCwzAABAjECAiumVQolQEBgmQECBGIEBFZMqxRKgIDAMgMECMQICKyYVimUAAGBZQYIEIgREFgxrVIoAQICywwQIBAjILBiWqVQAgQElhkgQCBGQGDFtEqhBAgILDNAgECMgMCKaZVCCRAQWGaAAIEYAYEV0yqFEiAgsMwAAQIxAgIrplUKJUBAYJkBAgRiBARWTKsUSoCAwDIDBAjchcDz5aD9/llr7eHy2OPW2vfWWn9u9+sLrN1UNiRw9QJzwLyZRI4G0OH8ObzD1bcMAIF8gQqWL9MKqH4dV0PjuzwaRH3fX8NB+s8/W2uflsffHaUUWEfFbE/g/xQYQ6UH0loA3TZ85nf9Y3ng63Jfv/cQ7PcXlxJYFyd1QAKHBNZWO3XCzwHUD1rXgvrtSPhUoPRrSP2+Vj3jKqjC58lyfWkMoP56dxZEe8UE1l6p7O2ODPa8bZ0gdZG0/l3itmfo+6f22uut7b91zDkU5q9Dc0Ccep9HHMdgmQNmfv2PywavWmsvWmuvh+Ao9wqP2b+O/20Jof5c/f60tVbHezStgPp7fDuE4ZbbJfp90WMIrIty7j7Y/BeU2rEGsE7UGqhL3Oo1Pl/iQFdwjDEQ+ledets9LLYI6rpMv9X+tUqpW/0lrH6uVUxf1dTjfVVzLgDXQqf2HUNmDNq48NlCXXteYN1GbXufcRDHv6Ts+YS+TU9OXUQVWH/3qlYhFRijWW019mbt5J97N4dFf34rOPrqcd5ua7/tqbuCLW5zclwBy+ZbHFdIfem/J4zOHbhOpPpE/nBiyb72VW3+6tRXaf1kqn0eLJ/utQoYP/3rpK39+/+Pqa8SVUPd6ueUWz/RZ4u1lYhQSOnqiToF1ukG1sn+fnr6X6/j9GsOFRYVTj0g+v3atZT7Psl6UNZ1lfHr0l2N/rn3e98Wd/WeHXengMA6DfV7eGr+/yS1WunP1yf7yyWAape62Dkv+51oOwfSZgTOCQgs80GAQIyAwIpplUIJEBBYZoAAgRgBgRXTKoUSICCwzAABAjECAiumVQolQEBgmQECBGIEBFZMqxRKgIDAMgMECMQICKyYVimUAAGBZQYIEIgREFgxrVIoAQICywwQIBAjILBiWqVQAgQElhkgQCBGQGDFtEqhBAgILDNAgECMgMCKaZVCCRAQWGaAAIEYAYEV0yqFEiAgsMwAAQIxAgIrplUKJUBAYJkBAgRiBARWTKsUSoCAwDIDBAjECAismFYplAABgWUGCBCIERBYMa1SKAECAssMECAQIyCwYlqlUAIEBJYZIEAgRkBgxbRKoQQICCwzQIBAjIDAimmVQgkQEFhmgACBGAGBFdMqhRIgILDMAAECMQJ/AP00a2WmxeQhAAAAAElFTkSuQmCC', '{}', '{}', '/uploads/data_collection_1745666710.pdf', '2025-04-26 11:25:10', '2025-04-26 11:25:10'),
(3, 4, '{\"first_name\":\"Dhimmar\",\"last_name\":\"Jay\",\"street\":\"456 Park Avenue\",\"house_number\":\"303\",\"plz\":\"394327\",\"city\":\"Dist. - Surat\",\"birth_date\":\"2025-04-16\",\"place_of_birth\":\"surat\",\"country_of_birth\":\"India\",\"email\":\"info@storeindia.live\",\"interested_measure\":\"First Measurement\",\"entry_date\":\"2025-04-02\",\"departure_date\":\"2025-04-02\"}', '{\"german\":\"Mother Tongue\",\"english\":\"Mother Tongue\",\"french\":\"Mother Tongue\",\"turkish\":\"Verhandlungssicher\",\"arabic\":\"Verhandlungssicher\",\"other\":\"Verhandlungssicher\"}', '{\"knowledge_1\":\"wergf\",\"knowledge_2\":\"hgj\",\"knowledge_3\":\"hjhkl\"}', '{\"has_internet_device\":false,\"b1_level_available\":false,\"job_board_access\":false,\"good_conduct_was_available\":false}', '{\"shift_system\":false,\"working_hours\":false,\"health_restrictions\":false,\"furniture_transport\":false,\"miscellaneous\":\"jgj\"}', '{\"security_sector_experience\":true,\"last_employment\":\"hj\",\"current_employment\":true}', 'data:image/png;base64,iVBORw0KGgoAAAANSUhEUgAAASwAAABkCAYAAAA8AQ3AAAAAAXNSR0IArs4c6QAAB9NJREFUeF7tnY213DQQRp0O6ADogFQAVEAJQAehgkAFpAOgEqAC6ABKoIPw5rA6zJnItmSPbH/eu+eELG9leXxn9kaSf96riRcEIAABEQKvROIkTAhAAAITwqIIIAABGQIISyZVBAoBCCAsagACEJAhgLBkUkWgEIAAwqIGIAABGQIISyZVBAoBCCAsagACEJAhgLBkUkWgEIAAwqIGIAABGQIISyZVBAoBCCAsagACEJAhgLBkUkWgEIAAwqIGIAABGQIISyZVBAoBCCAsagACEJAhgLBkUkWgEIAAwqIGIAABGQIISyZVBAoBCCAsagACEJAhgLBkUkWgEIAAwqIGIAABGQIISyZVBAoBCCAsagACEJAhgLBkUkWgEIAAwqIGIAABGQIISyZVBAoBCCAsagACEJAhgLBkUkWgEIAAwqIGIAABGQIISyZVBAoBCCAsagACEJAhgLBkUkWgEIAAwqIGIAABGQIISyZVBAoBCCAsagACEJAhgLBkUkWgEIAAwqIGIAABGQIISyZVBAoBCCAsagACEJAhgLBkUkWgEIAAwqIGIAABGQIISyZVBAoBCCAsagACEJAhgLBkUkWgEIAAwqIGIAABGQIISyZVBAoBCCAsaqCVwBfTNH02TdO71g1oB4FsAggrm+j9+jNR2Z+37tC+fPnZb/c7VI7o6gQQ1tUzdF58RVL2t73+fIyw7P0PL//5/rzQ2POzEkBYz5r5/4+7CKn8/ck0TR8/RlXWykZSJig/ykJY1M0pBBDWKdgP3WkRke20vP/cvY/B/P6QlInKT/t+ddtQN4emkJ0VAhTePWohjpJMSOXlhVU72jKCKqOpWhub/pU1LEZX96gZyaNAWBpp6x0lzYmpjJ6W5BS39bKyz1hw16iZW0aJsM5PaxwB+bNxa6OjOTHZz/3UbutR2v5tKlhejK62kmS7FAIIKwXjB51E0fi1IxNJmbJtEZIfHVlf/v+zLzVgdDWmPuh1IwGE9R+4uSlXC9at0lnqu4jHCylbRmvHFmX1yzRN36xtxOcQGEngmYTlF6Z7FqX38K9JpkjIj4zKPo6W0tyxRVlZO9au9lQC26YQuLOwiqB+mqbJri0a8fKCsfWdqwhnz7HWZPVMa1dvuP1oT/mM3fZuwvIXN2ZO1aKYaqOjsZk6pve4yG57LVPBeOmEj6jwsTb+febV8D6fo/5h+Mv942Yj4cwaOiaDN9+LurDKfW5LF0L2pNCvHZX3o74cPXHtbRvX6LJ4tcZl0vt5YQRqn3396CyulVnscZRcrh3Lyk1N1EyDW7N7YDtlYdWmLi3oalK604gprtVdaZQwN7V8HxLn28XPfNOMqeqcrGw/yt+Plu+CXBvlhNQKzWTkL468k4iWiqtMhffI6e+w1vfd44bn2tTP/8wL0k8HrY2/pqxsEyUzJwxrN9eH3//Ws5e2VvXVyrRP+fshJ6OWgNUTYqOsO03dWnLm2/SOMpemvH4kY+3srODeV5myR3HFM45+7cjv01+zthRLj7Ra5Z4xetvLj+0DAXVhPXNC/c3INQ5zNzHX2tpo40f3QfaXNYrVRnPfhgV6f0X9XF6XBLYm2VZRlX3z3bjgt4ukXDApKyHVFqFtk5abmOe6jkIZURdxH1EwawK22ItI/3DP5vLHZM/seu1+MMfKb/PPy2UMHwUw2cLWq7KLRjyiMC96qLcIqzYFzDhj5qeDPdOrXqhx6ufFsLT4XRv12HH7C4B7YykCrK2z8b3YQvOAbUjMAZATdxHPmNnU6tOd/UcJjhxd1KZlfj1r7ozgnJR71/AKqtKfySqeqBh5/DtTxeYIS6cGRollxGL7EtXaSKpIK47AypnKpeuteqTlxTc3Ws042aBTVWKRIiydhMXRR0buRklwjWptEd5GilufDmHb2YWntVuwaqOzOclxv+Ra5k7+PKPoTz6Ep9j9KLGMkGBrQuIiexGLP1u4RSBxilcbndWmnkwFWzN3YjuEdSL8jl37W1dss4y8jZJgx2FNcQpocvHCGSGR2pR0xH56ONC2kUBG4TfuimY7CGSfxat9ac+qhaXLGUaJhGfU7yjGMzc9q0jPPGa1fY94kF6UxCgxtLBeuqBzy5SwZZ/Wpozksm6gbt0v7XYQQFg74B20abZcYn8jr7tqRVST1tqV66190+5GBBDW9ZOZKayrP0m0rNXFW3eunyUiPIQAwjoE866d1M6mbblWqLZWdOZUcBcUNn5OAgjr+nnPWCBHVtfPMxE2EEBYDZAu0CReN9SzGF17dAsjqwsklRD6CSCsfmZnbLF00/BSPLUnJNgjWjKftX4GD/b5pAQQlkbi47Sw5Qza2jOoNI6cKCHgCCAsnXLomRauPXtK56iJFAIIS7IGWs8W1taseta8JOEQ9HMQYISlk+e5B9yVX6FVe7aTHR0L7Do5JtIVAghLq0R6nv2ErLRyS7QNBBBWA6SLNWmRVsui/MUOi3AgsE4AYa0zumKLtV9EwQ29V8waMe0mgLB2Izy9g/K7GZHU6akggNEEENZowvQPAQikEUBYaSjpCAIQGE0AYY0mTP8QgEAaAYSVhpKOIACB0QQQ1mjC9A8BCKQRQFhpKOkIAhAYTQBhjSZM/xCAQBoBhJWGko4gAIHRBBDWaML0DwEIpBFAWGko6QgCEBhNAGGNJkz/EIBAGoF/AebEHXT6eP9WAAAAAElFTkSuQmCC', 'data:image/png;base64,iVBORw0KGgoAAAANSUhEUgAAASwAAABkCAYAAAA8AQ3AAAAAAXNSR0IArs4c6QAABpJJREFUeF7t3Y+R3DQYhnGlg3QA6YAOAhXQAp2EVJAWoAKGCiAV0EJKoAM4wSqj8az3/HelT/555obcYUufnlf3jKV1nDfJgQACCAQh8CZIncpEAAEEEmGZBAggEIYAYYWJSqEIIEBY5gACCIQhQFhholIoAggQljmAAAJhCBBWmKgUigAChGUOIIBAGAKEFSYqhSKAAGGZAwggEIYAYYWJSqEIIEBY5gACCIQhQFhholIoAggQljmAAAJhCBBWmKgUigAChGUOIIBAGAKEFSYqhSKAAGGZAwggEIYAYYWJSqEIIEBY5gACCIQhQFhholIoAggQljmAAAJhCBBWmKgUigAChGUOIIBAGAKEFSYqhSKAAGGZAwggEIYAYYWJSqEIIEBY5gACCIQhQFhholIoAggQljmAAAJhCBBWmKgUigAChGUOIIBAGAKEFSYqhSKAAGGZAwggEIYAYYWJSqEIIEBY5gACCIQhQFhholIoAggQljmAAAJhCBBWmKgUigAChGUOIIBAGAKEFSYqhSKAAGGZAwggEIYAYYWJSqEIIEBY5sBVCPycUvqQUvqcUvr+KoMebZyENVqixnOPwB8TSf35Iq4foIpHgLDiZabiZQTyXVT+ej9zR2XuL+PY1VlC6yoOxewkMCepfEf1e0rpU9W+ub8TdovLhdaCuj6PIvDoLupLSil/fXy5w8rCyufmpWE5zP2jUnhiO0J7Imxd7SJQNsrzxnk+7m2cZzHlTfX83/xVH2XTnbB2xdD2YsJqy1/v8wSykB7JKV9ZC6p8P9ciYQ0w2whrgBADD6HcJZXN8Ud3TmWYeYn3mpzuIamFldvI3zuCESCsYIEFL7e+a5qTU17S/fNgabcVQW6zlh5hbSXZ8DrCagh/4K6X7DeV4Ze9pq13TkswTpeD7rCWUOvwHMLqMJRgJdWf1M3dNdVDqgU13Rg/a+i5n/w8VjnyQ6PP6vusMV2yXcK6ZOyrB13vNeWLyy//a3/FpUhh7pO71YVsvKBeDuZHHd5tbMdljQkQVuMAntT9nHBK96+JZ0mZvcjpXq32r5YkGOAcwgoQ0soS1y7RVjb/3+lrHifY0v6R10wfGLV/dSTdJ7dFWE8GfmJ3+Rfzt5TS24P7ePQw5sFdndIcYZ2CtU2jhNWG+5G9Tj8B29N2z8u6reOa8rHhvpVkB9cRVgchbCihPM+0Z+9pKqey1NtQTteXTF8tY853Hdfj4oQXL7w1d1RXkdKjFOsN93yeOR9vzn+tWHjxwqv3ZOaeacrneM7o/2x9Qhhvjs9WTFhxwySl17Oz4f46o1BnEFaouBS7koA3NKwE1vvphNV7QurbQ6DecPf81R6SnVxLWJ0EoYxTCNi/OgVru0YJqx17PZ9LwCuRz+XbpHXCaoJdp08gUO9f/fryfvefntCnLk4mQFgnA9Z8MwLeMNoM/XkdE9Z5bLXclkC9f2Wet83isN4FeRhKDXVEoL678q88dxTM3lIIay9B1/dIwHKwx1QOqImwDoCoie4I1MtBb2foLp7tBRHWdnau7JPA9O9aZmE5BiFAWIMEaRhfCVgODjwZCGvgcC86NJ8ODhw8YQ0c7gWH5u5q8NAJa/CALzY8who8cMIaPOCLDc9ycPDACWvwgC80PHdXFwibsC4Q8kWG+FdK6bvbWM3rQUMX7KDBXmxY9bNX3swwcPiENXC4FxpavRw0pwcOXrgDh3uRodm7ukjQeZiEdaGwBx1q/d5283nQkMuwBDx4wIMPz93V4AFPh0dYFwt8oOF659VAYS4dCmEtJeW8ngiQVU9pPLEWwnoibF0dQmD6r+FEe99Vrj8f+U2ojpUECGslMKc3JxDl3xosYvqUUnqbUvr2Drlosm0ePmE1j0ABKwj0uMlexJSHkeX098vdU/2zR8PzvvkV4edTCWslMKc3JdD6EYYiog83CkvFNAft48v/yBJ2LCRAWAtBOa0LAmU5+CWl9O5JFWUpZUFtkVPZp8q/Z/VS9vOtdrJaGSJhrQTm9KYE6juss+9OloiqCKkIKO9T/XIjZFP9hKlCWCdA1eSpBM7adK+Xe3N3U1lCWZT5IKRTY77fOGE1gK7LXQSmjzXkxmqJ3BNJLaDy5x9vn97l5eVry70iKpLaFd3+iwlrP0MttCFQf2J4VgVEdRbZje0S1kZwLuuCQNm0Lp/aHVUUUR1F8uB2COtgoJprSmD6qdv7qpqyMZ5/lH+ev8+b5N/c/lz2pSz7mkb4uPN/AV97umVW0IJTAAAAAElFTkSuQmCC', 'data:image/png;base64,iVBORw0KGgoAAAANSUhEUgAAASwAAABkCAYAAAA8AQ3AAAAAAXNSR0IArs4c6QAABy1JREFUeF7tnYtxFDsQRUUmDgEiACIBIjFEAg6BCIAIcAbYkYC7WIEQ85FmJU1362yViwfWaLrP7bqvNR/ts8AHAhCAgBECz4zESZgQgAAEAoZFEUAAAmYIYFhmpCJQCEAAwzqnBl6FEOTn/Tmn56wQsEkAwxqvm5jUbXLaryGEb5jXeCE4oz0CGNZ4zaSz+rJx2g+X39F9jdeGMyongGGdJ5AY0svL0nAtith9yZ/ywwcCUxPAsHTIH7updKm4Fpl0YDdPP58wMR3iEcU4AhjWONalZ6oxLzqwUqqMc0EAw9ItY36Bfi9a6b5YPu5R4vdmCWBYNqSr6bpiRmJeXLi3oS9RFhLAsApBKRom167eVMRD11UBi6G6CWBYuvXZiq626+J5L7taE/mFAIbloxTik/MldxklY5aLPnSfLgsMy5/k0bz2nvGSzO9CCA9c6/JXBF4zwrC8Kvs3r7h03DMwnrD3XwvmM8SwzEtYnUDJtS+ud1Vj5YARBDCsEZR1n6PEwLjTqFvDaaLDsKaRuihRzKsIE4POIoBhnUVe/3n3Lt7LsvGRdxr1C+kpQgzLk5p9c9nrvlg29uXP7E/P42BYlMERAnvPffGc1xGqHLNLAMPaRcSAHQJb5sWjEpRPUwIYVlOc00+2tmy8DyF8fqLDy9jTl8h1ADCs6/hx9DqBta1xWC5SNYcJYFiH0XFgIYG13SVes2NqIUGG/SGAYVEMowjkHZe8w/gO0xqF38d5MCwfOlrJIv/GIHmWSzotPhAoIoBhFWFiUEMCeafF0rAhXO9TYVjeFdaZn3wvo3Rb8qHL0qmRyqgwLJWyuA+KLsu9xH0SxLD6cGXWfQI/kyF0Wfu8GMGrOdTAiQTSZaGEwf88TxTDyqkpEitK+Yszv2PIxXd/GjfPCMNqjpQJKwikXRZPwFeAm3UohjWr8jry5m6hDh3MRIFhmZHKZaD5spB6dClzu6QokHYsmekYgfRuIdexjjGc5igMaxqp1SYqjzTIV5DJB8NSK5OOwDAsHTrMHEW6LOR5rJkroSB3DKsAEkO6E4jLQgyrO2rbJ8CwbOvnJfr0biHLQi+qdsgDw+oAlSmrCWBY1cjmPADDmlN3bVmnL0PfhRDeaguQeHQQwLB06DB7FOk2yvKFFS9mB0L+ywQwLCpDAwGeeNeggoEYMCwDIk0QYrok5E7hBIIfTRHDOkqO41oSwLBa0nQ8F4blWFxDqeU7kFKXhsQbGSqFMZI251ojwEvQ1EYRAQyrCBODOhNgM7/OgL1Mj2F5UdJ2HhiWbf2GRY9hDUPNiTYIYFiURxEBDKsIE4MGEGBfrAGQrZ8Cw7KuoJ/4MSw/WnbLBMPqhpaJKwlYNaz0G6wrU2Z4LQEMq5YY43sR0Lxjg5iSvJAtO6M+hBCiSeUs2BqnV3Vc5sWwOgNm+mIC2gxLTOl2w5yWEuO1omK5jw3EsI5x46j2BM42rNg11ZpUSoLvVmxfF//MiGF1Bsz0xQRGG1ZqUBLk2jJPfiedk3weL0vC+Pf0GPm3+O/FSTOwjgCGVceL0f0IpO8T9qrLuMwrNSjpmDChfppXz9yrMKoD4YDpCaQPj7a+eF1yPUqMSQwq7aimF0UbAAxLmyLzxtPDsGTOjyGEmwxr7JrooIzVG4ZlTDDn4cZnsa7psLa6qdhFscwzWkgYllHhnIYdDetIXW4ZFXfvnBTMkcJwkjppKCNwzZIw3wAwXof69vQf8js+TghgWE6EdJDGEcNa6qpY9jkohrUUMCzH4hpMLS4JS5Zw+ZY0km7JcQaxEHIkgGFRC5oIlBpWvgSkq9KkYsdYMKyOcJm6ikDpkvBH9pgC7+9VYbY9GMOyrZ+n6FPDWlraLV1YZwnoqQIKcsGwCiAxZAiBrQ5ryazuLlu+DAmOk+gggGHp0IEofj9+IDslyCd9cJTOiur4QwDDohi0EEiNKS71MCst6iiJA8NSIgRh/NNhxZeQY8cV8XDNavJCwbAmLwBF6afdlFyfepPFhlkpEuusUDCss8hz3pxAalj3IYTn2QBqlZoJFAFFoIVAuuNoHtM1uzdoyY84GhDAsBpAZIomBNKv+UonZCnYBK+PSTAsHzp6yGLJsDArD8o2zAHDagiTqQ4TWHqRWSajPg8j9XkgBeFTV2tZfVq4K8h1K2sqDogXwxoAmVPsEpAXmOVbleOHpeAusjkHYFhz6q4p63w5yO4LmtRRFguGpUyQCcPJuyuWghMWQWnKGFYpKcb1IJB3V7IH+9Y3MPeIgTkNEcCwDInlMNS8u6IeHYrcMiUKpCVN5qol8D15BYfuqpbehOMxrAlFV5aydFkPbManTBWl4WBYSoUhLAhA4H8CGBZVAQEImCGAYZmRikAhAAEMixqAAATMEMCwzEhFoBCAAIZFDUAAAmYIYFhmpCJQCEAAw6IGIAABMwQwLDNSESgEIIBhUQMQgIAZAr8A7G7oZSg/XM8AAAAASUVORK5CYII=', '{\"measure_target_achievable\":false,\"clerk_name\":\"\",\"clerk_date\":\"2025-04-29\"}', '{\"clerk_remarks\":\"ghftgh\",\"submission_date\":\"2025-04-29\",\"date_of_entry\":\"2025-04-29\",\"will_be_submitted\":true,\"reminder_set\":true,\"good_conduct_was_available\":\"Relevant entry\"}', '/uploads/data_collection_1745738820.pdf', '2025-04-27 07:27:00', '2025-04-29 15:51:48'),
(4, 6, '{\"first_name\":\"Dhimmar\",\"last_name\":\"Jay\",\"street\":\"456 Park Avenue\",\"house_number\":\"303\",\"plz\":\"394327\",\"city\":\"Dist. - Surat\",\"birth_date\":\"2025-04-02\",\"place_of_birth\":\"surat\",\"country_of_birth\":\"India\",\"email\":\"test@gmail.com\",\"interested_measure\":\"955/234/2023 - Partial qualification as a specialist in protection and security online: Protecting people and objects (TQ1) online\",\"entry_date\":\"2025-04-05\",\"departure_date\":\"2025-04-03\"}', '{\"german\":\"Very good\",\"english\":\"Verhandlungssicher\",\"french\":\"Very good\",\"turkish\":\"Very good\",\"arabic\":\"Verhandlungssicher\",\"other\":\"Verhandlungssicher\"}', '{\"knowledge_1\":\"wergf\",\"knowledge_2\":\"hgj\",\"knowledge_3\":\"hjhkl\"}', '{\"has_internet_device\":false,\"b1_level_available\":true,\"job_board_access\":true,\"good_conduct_was_available\":false}', '{\"shift_system\":false,\"working_hours\":false,\"health_restrictions\":true,\"furniture_transport\":true,\"miscellaneous\":\"ewtryt\"}', '{\"security_sector_experience\":false,\"last_employment\":\"fghyuyu\",\"current_employment\":true}', 'data:image/png;base64,iVBORw0KGgoAAAANSUhEUgAAASwAAABkCAYAAAA8AQ3AAAAAAXNSR0IArs4c6QAABKBJREFUeF7t2Y1tE0EQBtBNB3QAJdABUAkt0AHQCSmBDqADSoAOKAFGulVWq7V9QSb25zxLiPuzb/xm7vPZuWseBAgQCBG4C6lTmQQIEGgCyxAQIBAjILBiWqVQAgQElhkgQCBGQGDFtEqhBAgILDNAgECMgMCKaZVCCRAQWGaAAIEYAYEV0yqFEiAgsMwAAQIxAgIrplUKJUBAYJkBAgRiBARWTKsUSoCAwDIDBAjECAismFYplAABgWUGCBCIERBYMa1SKAECAssMECAQIyCwYlqlUAIEBJYZIEAgRkBgxbRKoQQICCwzQIBAjIDAimmVQgkQEFhmgACBGAGBFdMqhRIgILDMAAECMQICK6ZVCiVAQGCZAQIEYgQEVkyrFEqAgMAyA8kCb7fi6/83izdS29+11r4lv0m1PwgILNNwjQI9iCpoDoVS336q/s9/D/h06iD7MwQEVkaf0qucw2VcH++M9obQHo9+V1V3WB43InCLgVVDP34FGNfn5Wrj+Cm+Z7meszrHoZGoC/L7sHNcP7TcD199zRlfqx831j3XMZ9/tf+c41wztar7nOeo9/uqtXa/vWjvt69+51S+wtc6Z2B9aK29mN5jv1geO8DzJ+3qgpy3nVpfXdzHnjPuqwvj/RX279ZL+tlaq38V0kLp1ru94/2dK7C+7Ligfy8CrZdYQ9kf9ck5PmrfuO3H9jp9W62/3p5Qy/Wo9b48r4/7arkuhAraqq8ev1prL7dtX7dtx+6SjjGvPvGP3Q3taNmuQ+bffupJ813n+ELznd6pk/S7vPGDqG+b7z7nY/r6eKc4O7lTOtWBZ7r/XIE18v3r7xCrC/nYV6/x+NUFVxdEvzhOfRV8yvZX3f1i9WPwU8o7V7zA/wisJJRVkPX6V8F76E5k/l3pMT8k+7N70sSo9aICzz2wLoHf76o+bif3Z/dLdME5IwUE1mXbNn/lvWw1zk7gygUE1pU3SHkECDwICCzTQIBAjIDAimmVQgkQEFhmgACBGAGBFdMqhRIgILDMAAECMQICK6ZVCiVAQGCZAQIEYgQEVkyrFEqAgMAyAwQIxAgIrJhWKZQAAYFlBggQiBEQWDGtUigBAgLLDBAgECMgsGJapVACBASWGSBAIEZAYMW0SqEECAgsM0CAQIyAwIpplUIJEBBYZoAAgRgBgRXTKoUSICCwzAABAjECAiumVQolQEBgmQECBGIEBFZMqxRKgIDAMgMECMQICKyYVimUAAGBZQYIEIgREFgxrVIoAQICywwQIBAjILBiWqVQAgQElhkgQCBGQGDFtEqhBAgILDNAgECMgMCKaZVCCRAQWGaAAIEYAYEV0yqFEiAgsMwAAQIxAgIrplUKJUBAYJkBAgRiBARWTKsUSoCAwDIDBAjECAismFYplAABgWUGCBCIERBYMa1SKAECAssMECAQIyCwYlqlUAIEBJYZIEAgRkBgxbRKoQQICCwzQIBAjIDAimmVQgkQEFhmgACBGAGBFdMqhRIgILDMAAECMQICK6ZVCiVAQGCZAQIEYgQEVkyrFEqAgMAyAwQIxAgIrJhWKZQAAYFlBggQiBH4A8LEVmVaWUWkAAAAAElFTkSuQmCC', 'data:image/png;base64,iVBORw0KGgoAAAANSUhEUgAAASwAAABkCAYAAAA8AQ3AAAAAAXNSR0IArs4c6QAABpNJREFUeF7t3Yut5EQQQFFvBmQAhEAEsJEQChAKkQAZEAIZQAawJW1LTa+/M/5V+zzpCfTscZdvFZdq29P+MPhBAAEEkhD4kCROYSKAAAIDYSkCBBBIQ4Cw0qRKoAggQFhqAAEE0hAgrDSpEigCCBCWGkAAgTQECCtNqgSKAAKEpQYQQCANAcJKkyqBIoAAYakBBBBIQ4Cw0qRKoAggQFhqAAEE0hAgrDSpEigCCBCWGkAAgTQECCtNqgSKAAKEpQYQQCANAcJKkyqBIoAAYakBBBBIQ4Cw0qRKoAggQFhqAAEE0hAgrDSpEigCCBCWGkAAgTQECCtNqgSKAAKEpQYQQCANAcJKkyqBIoAAYakBBBBIQ4Cw0qRKoAggQFhqAAEE0hAgrDSpEigCCBCWGkAAgTQECCtNqgSKAAKEpQYQQCANAcJKkyqBIoAAYakBBBBIQ4Cw0qRKoAggQFhqAAEE0hAgrDSpEigCCBCWGkAAgTQECCtNqgSKAAKEpQYQQCANAcJKkyqBIoAAYakBBBBIQ6BXYf1QZeD3NNkQKAIIzBLoUVg/D8Pw04t5L3L7oxEe6b0I1McQ2JMAYW2jGeL65vPv1Cd/+bwhxOkHAQR2JNCjsGo8MTWsp4fff95Y/21HnF8cKuRFXEcSduxHEehdWGuT2YotPreX3P4ahuHbtYHYDwEEpgkQ1vrqKFKLKeHXTee2dJQ/h2H4bmkn2xFAYJ4AYb1fIXV3Fl3Z1HTz46dtLt6/z9sRHkyAsI5J/tidypBVSMsPAgi8SICwXgS38mPRbf1W7avLWgnObgiMESCs4+ui7rZ0WcfzNkLHBAjrnOT+q8s6B7RR+iZAWOfkt54amhaew9woHRIgrA6T6pQQ6JUAYfWaWeeFQIcECKvDpCY5pZgmey4tSbLuEiZh3SUTueMYe1g2/la+3lSfXbv0j2fTcuf+1OgJ61TcaQarpTImnr2+PO7L4WlK4h6BEtY98nBGFK2Eyph1F7QkonoKF2uGle9VtuuHTZ2PKeAZme54DMK6d3LnBNJuq8UTAolFDH8dhuHHmVMcE0h8tv47ydy7Rh4VHWEdm+6priZG3dLZrI1yasXU8nnyWUvSfrckQFjb0jK2btaYfJY6m3rUViL19Cr2m5MMAW3Ln72TE3i6sMY6oFc7n7a7mZIJyST/j0b41xHoWVjtNZ76xRRLF5fbjLQXm13jua5mjfxgAlmE1T67s2dn1E67yksklqZjDy4bp47ANQSuEla7Smd99lu7nyVybXdUi8j0bIme7QjciMCRwiriaR883FNIcYG6LN3idvyNCksoCBxBYC9hFQmV60R7Sqmcd+mGypRNd3RERTgmAjcm8KqwakHtKaexO23EdOMCEhoCZxLYKqyQU3RR70hq6o4bMZ2ZeWMhkJDAWmGNvQVm6XTjBaLxW64tEdISMdsRQGCWwFphhWzGlgqJgxcpxctC45eYFB0CCBxCYK2w/h6G4asNEUx9p43MNkC0KwII/J/AWmHFp0I2ZZpXuq24lvXPRpmVY8U/y/fm4thkpjoRQGCXKeESxvYifL38bb0t1k+aW+6kyMx1ryXitiPwQAJbOqy98bQrH9Tf9WvHiu5LN7Z3BhwPgWQErhTWHKois3rq2e4f09Po2Maul8VdTT8IINAZgbsKawpz3ZWV5Xnnngkb+x5hmXa6ZtZZMTud/glkE9ZSRkpnNdeZjU0342+mnEt0bUfgYgK9CWtpmhnb644sxDbVodVTzvYlC7qziwvX8M8k8CRhrcnw1ilnmV4S2hq69kHgTQKEtR5gu4bX0vcp25sBbgSsZ21PBEYJENb7hfGKyFwve5+7IzyQAGEdm/S6q5p7zqxMLeuL/zqyY3Pj6AkJENY1SWuvlS297FRHdk2ejHozAoR1n4RsnVrWL8vQjd0njyI5kABhHQh3p0PXT/0vXegnsZ2gO8w9CRDWPfOyFNWWbsyy00s0bU9DgLDSpGpVoLXI2rcVjR2gfKm8SM0Dsasw2+kqAoR1Ffnzxm1XxYiRl+5YxtTSGmXn5chIKwkQ1kpQHe+2NL2MZa9jkUavV+u4CLKcGmFlydS5cdYvwW1XxSjTSHcmz82J0T79X5OwlMEWAu0dy6mpY/ti3XiOjOC2kLbvKAHCUhjvEKgfsyj/PrUM9kfr9r+D2meDAGGpg70JTL3DkrD2Jv3A4xHWA5N+4inXLyM5cVhD9UqAsHrNrPNCoEMChNVhUp0SAr0S+A+/dLRlqwKXiAAAAABJRU5ErkJggg==', 'data:image/png;base64,iVBORw0KGgoAAAANSUhEUgAAASwAAABkCAYAAAA8AQ3AAAAAAXNSR0IArs4c6QAABsNJREFUeF7tnI2x3DQURpUKoIPQAemApBIoASpIUkFagBJSQUIH0AF0ABUk+WZ8M4pG3rXf2pY/3+OZN/t+/Oyr82nPSLK9zwobBCAAARMCz0zqpEwIQAACBWHRCSAAARsCCMsmKgqFAAQQFn0AAhCwIYCwbKKiUAhAAGHRByAAARsCCMsmKgqFAAQQFn0AAhCwIYCwbKKiUAhAAGHRByAAARsCCMsmKgqFAAQQFn0AAhCwIYCwbKKiUAhAAGHRByAAARsCCMsmKgqFAAQQFn0AAhCwIYCwbKKiUAhAAGHRByAAARsCCMsmKgqFAAQQFn0AAhCwIYCwbKKiUAhAAGHRByAAARsCCMsmKgqFAAQQFn0AAhCwIYCwbKLarNAPpZQ/vxztzWZH5EAQOIgAwjoI9ElOI0m9nmp5VUr5eJK6KAMCiwggrEWYLrNTCEuikrDYIGBFAGFZxfVwsQjrYYQcYCQBhDWS/vHn1vrVy2kqmG2EFbJmKnx8v9vsjAhrM5QWB/o0Vfk20aK7BK2vWLvL1HaLTrmmSIS1hpb3vnrTaoSl7epv2pDUT5OsIrmrt9u7hy6oHmEtgHSRXeorhFfMvR5F6fu/SikvpumvRKWNq6LmnfmKHdc8kt3Kv5qwJCVtmurF9yEl3WcmOSGo3brTmAMjrDHcR5zVef0qhKTXdponKYWgGEWN6FkHnhNhHQh74Klc1q/qkVIrp3q0xBRvYGcaeWqENZL+cec+43SwHTVplKTp3R+llH8qNDxCdFw/Of2ZENbpI9qkwNE3jIac3k2t0WJ4bP81gtLPsbVrUz+UUvTV22JqGH+LERnrWJt0oXMcBGGdI4e9q9hj/aqWierXzyETrTN9PzUqXvdu473jc8PoPUIGf0dYBiE9WOKvpZQY2dx708b9SzqlpFOPdDRSaSX1YGnfXMXTlLDdYnQU521/jjqX1MU9WI+mdYL/R1gnCGHHEvRG/qWU8vN0jlisloyUfS2ltWXE1E2v8f37mVsJjpqW9UZ9IbVsjyKtzdNif4RlEVO3yN4VtXpEtKZlscjdTuP0e8no7+lgv0+vRwloTRvYNwEBhHXOkFsZ1VO0JdOfXqv+nUY/P04S0nF+q9aa9D+1iJDSOftG6qoQ1v7xz01T6jWhmJqtkZEePdGISCJ6PkmovvrWtiymg7piGJ/YsH/rOQMENiSAsL6FOSeM9vcSjBaJ2zWgNcLRmeN5t/her7WE9HOsD/Vk1LuZsp4W8gkFG75ZONR4AlcWVn1lqTfF2mKa1SYYAom1oFj7icv931X/cGs0FLvVQqofP2mnb20d9Z3t+tuVcx7/LqKCwwi4deTe9GrtKEd3UuuqmaZI8b+3LqlHGLVg6nuL1p6/XRtqRXRPRks6h8ujOEvawj4Q+ErgjMK6dS9QL7p2FFLvc28RuTfyirWl9j6kW91mroZWTkcuZGutSm3gcj5v+MsQGCGs9hmyes1lboql389NiXrrRvG73n1G99aZdCk/pnA9Ed2T4GU6Bw2BwNkI7CGsuYda27ZraqarWzEduzX66AnonniWsI5z8vEkS2ixDwQGE3hEWDF1uzV1CiHo0nu91U/jr10DWots7krakdOztTWzPwQg0CHwFGHpjd5KJgQkMelKmK6OafR0a7q3ZSBIaUuaHAsCJyXwFGHFk/97N6l3NU3nZA1pb/IcHwInJfAUYcUHqs0taPemWroN4P8vH9AWsoubLuPu6xoPU7WTdhbKgsBoAk8R1uiaOT8EIJCUAMJKGjzNhoAjAYTlmBo1QyApAYSVNHiaDQFHAgjLMTVqhkBSAggrafA0GwKOBBCWY2rUDIGkBBBW0uBpNgQcCSAsx9SoGQJJCSCspMHTbAg4EkBYjqlRMwSSEkBYSYOn2RBwJICwHFOjZggkJYCwkgZPsyHgSABhOaZGzRBISgBhJQ2eZkPAkQDCckyNmiGQlADCSho8zYaAIwGE5ZgaNUMgKQGElTR4mg0BRwIIyzE1aoZAUgIIK2nwNBsCjgQQlmNq1AyBpAQQVtLgaTYEHAkgLMfUqBkCSQkgrKTB02wIOBJAWI6pUTMEkhJAWEmDp9kQcCSAsBxTo2YIJCWAsJIGT7Mh4EgAYTmmRs0QSEoAYSUNnmZDwJEAwnJMjZohkJQAwkoaPM2GgCMBhOWYGjVDICkBhJU0eJoNAUcCCMsxNWqGQFICCCtp8DQbAo4EEJZjatQMgaQEEFbS4Gk2BBwJICzH1KgZAkkJIKykwdNsCDgSQFiOqVEzBJISQFhJg6fZEHAkgLAcU6NmCCQlgLCSBk+zIeBI4DM9T6xlAbk9kAAAAABJRU5ErkJggg==', '{\"measure_target_achievable\":false,\"clerk_name\":\"Dhimmar jaykumar\",\"clerk_date\":\"2025-04-29\"}', '{\"clerk_remarks\":\"dgds\",\"submission_date\":\"2025-04-29\",\"date_of_entry\":\"2025-04-29\",\"will_be_submitted\":true,\"reminder_set\":true,\"good_conduct_was_available\":\"Not relevant entry\"}', '/uploads/data_collection_1745938273.pdf', '2025-04-29 14:51:13', '2025-04-29 15:50:49'),
(5, 5, '{\"first_name\":\"Dhimmar\",\"last_name\":\"Jay\",\"street\":\"456 Park Avenue\",\"house_number\":\"303\",\"plz\":\"394327\",\"city\":\"Dist. - Surat\",\"birth_date\":\"2025-04-29\",\"place_of_birth\":\"surat\",\"country_of_birth\":\"India\",\"email\":\"info@storeindia.live\",\"interested_measure\":\"955/234/2023 - Partial qualification as a specialist in protection and security online: Protecting people and objects (TQ1) online\",\"entry_date\":\"2025-04-29\",\"departure_date\":\"2025-04-29\"}', '{\"german\":\"Mother Tongue\",\"english\":\"Verhandlungssicher\",\"french\":\"Verhandlungssicher\",\"turkish\":\"Mother Tongue\",\"arabic\":\"Mother Tongue\",\"other\":\"Verhandlungssicher\"}', '{\"knowledge_1\":\"wergf\",\"knowledge_2\":\"hgj\",\"knowledge_3\":\"hjhkl\"}', '{\"has_internet_device\":false,\"b1_level_available\":false,\"job_board_access\":true,\"good_conduct_was_available\":true}', '{\"shift_system\":true,\"working_hours\":true,\"health_restrictions\":true,\"furniture_transport\":true,\"miscellaneous\":\"ewtryt\"}', '{\"security_sector_experience\":true,\"last_employment\":\"fghyuyu\",\"current_employment\":true}', 'data:image/png;base64,iVBORw0KGgoAAAANSUhEUgAAASwAAABkCAYAAAA8AQ3AAAAAAXNSR0IArs4c6QAAB3lJREFUeF7tnduxHDUQQNt/fEIGOANnYIgEQoAIDBGYDIAQiACIADLAZMCfP/Ft7qqqLaRZjdSjnR6draKuMaPX6Z6DpNWdeSF8IAABCAQh8CJIP+kmBCAAAUFYJAEEIBCGAMIKEyo6CgEIICxyAAIQCEMAYYUJFR2FAAQQFjkAAQiEIYCwwoSKjkIAAgiLHIAABMIQQFhhQkVHIQABhEUOQAACYQggrDChoqMQgADCIgcgAIEwBBBWmFDRUQhAAGGRAxCAQBgCCCtMqOgoBCCAsMgBCEAgDAGEFSZUdBQCEEBY5AAEIBCGAMIKEyo6CgEIICxyAAIQCEMAYYUJFR2FAAQQFjkAAQiEIYCwwoSKjkIAAgiLHIAABMIQQFhhQkVHIQABhEUOQAACYQggrDChoqMQgADCIgcgAIEwBBBWmFDRUQhAAGGRAxCAQBgCCCtMqOgoBCCAsMgBCEAgDAGEFSZUdBQCEEBY5AAEIBCGAMIKEyo6CgEIICxyAAIQCEMAYYUJFR2FAAQQFjkAAQiEIYCwwoSKjkIAAgiLHIAABMIQQFjHhuoLEfnt2CaoHQLrEEBYx8X6OxF5c6v+WxH54bimqBkCaxBAWMfE2cpKW3gnIi+PaYpaIbAOAYR1TKz/LVT7JcvDY2BT6zoEEJZ/rPPZVWoBYfmzpsbFCCAs/4D/+jST0s12/fwuIq9vf0ZY/qypcTECCMs34CoqFVb6fG823hGWL2tqW5AAwvINer4cRFi+fKltcQIIyzcB7Ga7ykqXg2l5qP+uQuMDAQh0EkBYneAKxUqzK70sncVCWH6sqWlRAgjLL/A/ichXpjplayXGHpYfa2palADC8gt8fvYqFxYzLD/W1LQoAYTlE/jSt4M6u7IzrJ+fTrx/7dMctUBgTQIIyyfupf0r/Tu7TGSG5cOaWhYmgLB8gp8LK+1X2b/Xpzbo3/OBAAQ6CSCsTnBZMXu6Xf9T4oqwfPhSCwT+I4CwfBKhJiy7t8UMy4c1tSxMAGH5BN8Ky4rpSsLSseiXBp+bw7A+9KgFAo0EEFYjqDuX1YR1pSWhijj9Ivc/IvKZDzpqgUA7AYTVzmrryr9uMw+9xh5fuJKwSufMfOhRCwQaCSCsRlB3LvtDRF7drrHHF6ywoh9rQFg+uUItAwQQ1gA8U7Q2k7qKsPKDsXxh45M31LKTAMLaCaxyeU1MVznpnguLPSyfvKGWnQQQ1k5glcvtprtd+tmT7pF/+ZkZlk+eUMsgAYQ1CPBWvOVbwsh7WAjLJ0+oZZAAwhoEeCteO29Vm3n5tDqvFoQ1jzUtbRBYXVhJKKPLtfyGTvUhLG4/CDgSWFlY3qfQ7VmsdNr9ysIalbxjGlPVKgRWFpbG2J4tGmVRmmXp45Gv8kz3/BwWwlrFEica5+hNeqKhdHXFzoA8bsD8l6BtpyJvuus43ovIJ2ZA0cfTlTAUeiyB1YXlvSwsbU6nCEdmXXqbNU+feOy9u2TrkW8ir4Dlr+YafRVX7VX1UVnXxqP8o47JK3eoZzIBEu75Tc1pn0nxjz57vTTL0lfW2zYmh7m7uS1ZaaUey+i8c8pJ9/6U2ej/PLoHTsFzEkBYH78oIkVp9EYs3eijdc7OoHwMugT81PyS9xHCqj1qevbYae+kBBCWyDci8jaLz+j+TG1mMjp7m5VG+Szx3dPM8+Vtlqgz0vTxGk+aVeWzUDb2Z0U8SDsI6zlQ+Vf2o7OHUn0pJc5+E+ayyuVdOm/Wm+7a1o/mWWK2nrNz6h0z5QYIIKxneKV9p95ZVj670lmIfSO0tnfWm7FlKZtf05tDtVmoclc++pMPBD4i0JtsV8RYOkPVI5Z8dpVuPruUUn56Q55lY7km7JI48mv35lBt+XdmkV8x30OOaW+yhRxkY6drZ6j2MCrNGlL5Wv0qrr8f8FZo7U+SR45oS9T5OFr2sVJb+kz40relvbPZxtBy2VUI7LkZrzLmrXGUpNJyQ9aWlfmNv3Ww1O5xpT+XlkW9S6UkCv25JY6W5Vhpj07L2X5vtWNj0DOLXSEXGWOBAML6P5TeR6nYh/WlJV/tTc/3zjftTdYtielrufSfrc/efSOv/iOrvZFe/HqEVU6A2uNiaunSslldKqvlVCb5pvyMtEx7aPqzZ9aWC3pPn/cKck/dXHthAgirHtzaU0Rr4tHT2enTuozM60onu2tLNr1eN+p1SdZ6cj5drz/TzM/+HE1v7fNWf5MMdZ9OJdcjx9E+Uv4iBBBWPZCtm8tbG+2z0qQmr0fIwfblEe3PYk47DyCAsNqFpVemDel0I5Zkxb7MAxKZJtcggLC249zyrV5eA0zXuHcY5QMIcHPdh176XcNaKWZX93lyBQS6CSCsNnRbhyzTBnbL+aW21rgKAhAoEkBY+xLDntjWkr+IyJ9887UPIldDoJcAwuolRzkIQGA6AYQ1HTkNQgACvQQQVi85ykEAAtMJIKzpyGkQAhDoJYCweslRDgIQmE4AYU1HToMQgEAvAYTVS45yEIDAdAIIazpyGoQABHoJIKxecpSDAASmE0BY05HTIAQg0EvgA5KED3TO+GwKAAAAAElFTkSuQmCC', 'data:image/png;base64,iVBORw0KGgoAAAANSUhEUgAAASwAAABkCAYAAAA8AQ3AAAAAAXNSR0IArs4c6QAACBtJREFUeF7tnY213DQQhZUOQgUkHSQVBCqBEuggUAF0AJRABZAKoATogA4gc7KTnafnH1lry9L1t+fknLxdW/LcO/pW0srWi8TrSAW+uhX+c0rp15TSu1CZf3Zk/bVl/xFO/HD7v78XP6stn/NQoEqBF1VncdKaAgaj9ymlllAykHh9DhX7O/5/7bpLP7cyHWT/ppRe3uoBZqUKclyVAgCrSrbFk76/wWrpoCm4xOMdBvbeHAT2hIODLges9wi3gPeHWyCmAy8U2FUBgLWrnCmH1ddhOJX3fvat+fjS5qD2KqX05Uxv0uAFuI735jI1AKz9rLYG/XsozmC1Zy9ovys9piSL36Fmw2F/Aa1j9L5kqQBrH9sjrAxS3rPap/QxS4m9TaA1pofdXTXAetyS2DD/Sim9fbxImRKAloyVfQQCsB7zITZIelbTWgKtx3KMs4MCAKs+HWy+Kk6kMwyc1zJqxfCwPucufybA2p4C+RorGmCZhrGnZYtovy07jaNQ4K4AwNqWDfmyBWC1Tb8/U0pvbqeg3TbtODqlBLDK0yBftkCDK9cuHvlf+AMN6zS87FkAq9x6Glq5VmtHRi2vtl5tTRs+X1AAYJWlB790lelUelTeWyUPS5W7+HEkynoCxMbFEGZdr9IjWGxbqhTHfVYAYK0nQ+xdode6XluOiNoyNNyi3EWPpQEuG89Q8PiG4fNZLLw9XuvhawBY5cBCq2PSPS4qpZd1jMYypdII561k7qpNmqNzG50lagFY8zb6cNCeqPmFhNv9BuG9rL8/Pkr6db+XyZWdrQDAmnaAuau2mflLSumbW5UMC9tqP1RtAAtg9ZCwLHHowYUBrgFgPTeJRY3nJG6cfCcvz/Gg+1pJjOcW5Tc4o1GbNI5fFAwL22g+XC00xueWcc/gOWnMsPAc3YeqFWA9tYvHx5ybviwiPVf/7msHWMvAYmjSNoWZx2qr93C1AaynlsXhoH0CsNqmNMBqq/dwtQGsZWChT9uUBlht9R6uNhrk3bJ8OYN9gj5tU5qnN7TVe7jaaJAAq3XS5lvex63sWfHe2o3B6gNYd8PyXwjpYc0ncw6deKTdYmP3BPrrZUrJ/r1aaBu2Ae1vH7dNs0fM2LCQ+cPBQNLqcgHWPLB4PtPT3qdB6l3Yi/GIHLXtv/yeQvQ/QuHBywRYACumsPec3t/e9L+PSHMD0lL5AOsI1QcvE2ABLN8Y1pQoAZSB5MNt+DaV/va5l+VQsk1TbX7KX36M/T01FLf3AdbgcDni8gHWXdX4k/oVGky+g/VSfhk8bAOOCJq98zFfA2fzWm/3roTyxlYAYM0DS3mHnBzOeRY7oBzcLbJ8alkJC3dbKD9QHQDrblb+Da8IrLhsoAdI5dcQt7L3zxR9GAgRfV0qwJoHltq3+1yvqsVwrzTrmc8qVeqixwGsT8arD0emQNATqLz5zQHrCnOKF0XQtrAB1nwPS0mbfLhr653sl7veXrEXGNdk+XX2CNneNJS+HqVG+ahRsVH32qBrYhzlGV9TT3qd63Exr1WTCQLnAKy7ifHbXalB5HNXvc7Nze1UBLQEQLNXCABrGli9Nuoa3/PhYI+e53OI+RfG1BwjvyLWZMPg5/SYvGdJqrpl+ghD3diLWtq4dmlSfvResUH5yIW5Z7WrXesFWHc5VZ/FNAKwtmz8sQQtc9PA5b8qxsn6XRvOToXlt0VxO9KKsADrLpDqNlO9z83Vbqu2Bq6Y+va4G/shJQdYyx5NyY3lAAtgFX8XqvawIrB6XBawpXc1ZeYWcJUkg2lkz+6KgMtBtzZ8czjZ43jstXZTebyhvCVES/To6hh6WPo9rKkJ63gj85kNpLZ3NQcue98fjdNVQ8suxjWfGr72fN2nXxvAOt2CJhew1guxBvTP7Umh9v9WEHu0d7Um3tyTUY9+EKE/Vsd1tMfx2Mv/bqXvmj7DfQ6whrOs+oK/Syn9uOFsH6Z4Q9u7ke3Zu9oQ1uSh+ZAtPtNrbUiX67K3To/GJnU+wJKysyiYuOlDTU/DhzGxnKKKs4OO7l3VXBPndK4AwOrcoIaX5wDaOgdkk9P2K9wWgMXelZ37umGcVDWwAgBrYPMOvHQbItVsOuHDyDV40bs60DzlogGWsrv7xVYDsPhTfbySuFjS3icH9/NJviSSRd7iQwJ0gNl6Jd+Wq6ai0W+nqYmZcx5QAGA9IB6nflagdv6L/COJNilAwmySi4MLFFhb8+VF0LsqEJNDnioAsMiIIxXIJ9/9VhXblv6nIyumbE0FAJamr0SFApIKACxJWwkKBTQVAFiavhIVCkgqALAkbSUoFNBUAGBp+kpUKCCpAMCStJWgUEBTAYCl6StRoYCkAgBL0laCQgFNBQCWpq9EhQKSCgAsSVsJCgU0FQBYmr4SFQpIKgCwJG0lKBTQVABgafpKVCggqQDAkrSVoFBAUwGApekrUaGApAIAS9JWgkIBTQUAlqavRIUCkgoALElbCQoFNBUAWJq+EhUKSCoAsCRtJSgU0FQAYGn6SlQoIKkAwJK0laBQQFMBgKXpK1GhgKQCAEvSVoJCAU0FAJamr0SFApIKACxJWwkKBTQVAFiavhIVCkgqALAkbSUoFNBUAGBp+kpUKCCpAMCStJWgUEBTAYCl6StRoYCkAgBL0laCQgFNBQCWpq9EhQKSCgAsSVsJCgU0FQBYmr4SFQpIKgCwJG0lKBTQVABgafpKVCggqQDAkrSVoFBAUwGApekrUaGApAIAS9JWgkIBTQUAlqavRIUCkgr8DwLGOnR/U56dAAAAAElFTkSuQmCC', 'data:image/png;base64,iVBORw0KGgoAAAANSUhEUgAAASwAAABkCAYAAAA8AQ3AAAAAAXNSR0IArs4c6QAACGVJREFUeF7tnYux3TQQhpUO6ADSQToAOqCDpASoAKgAOgAqASqADqAEOoDs5Oyw0ZWth3WsXfs7M5nchySvv139VyvJ8qvEBwIQgEAQAq+C2ImZEIAABBKCRRBAAAJhCCBYYVyFoRCAAIJFDEAAAmEIIFhhXIWhEIAAgkUMQAACYQggWGFchaEQgACCRQxAAAJhCCBYYVyFoRCAAIJFDEAAAmEIIFhhXIWhEIAAgkUMQAACYQggWGFchaEQgACCRQxAAAJhCCBYYVyFoRCAAIJFDEAAAmEIIFhhXIWhEIDAWYL1RUrp1wfuL1NKv4EeAhCAQC+BFYIlYiWixQcCEIBAF4GzBEuMkhGWjLTkwyiry00UhgAEhMCZgmXTwrOvjbchAIELEDhTsPJRFqnhBQKIW4DAmQTOFqx8lEVqeKa3uRYEghM4W7AYZQUPGMyHwEoCKwTru5TSt+amf0kpvVsJgWtDAAIxCKwQrDwtZAI+RqxgJQSWE/AiWMxlLQ8FDICAfwIrBEuo/Juh+f7995Iq8hkn8HVK6Suz1228JWpCwCmBVYJlN5EKGrY4HAsQOy/4d0rp9bHmqA0BnwRWCVY+8Y5gjcdHaU6QFHucJzUdE0CwHDun0bRc/BmxNoKjWDwCCFY8n+UW5/OBCFZ8n3IHGwRWCVaexpASjodoSbCkNdLCcabUdEpglWAJDtvREKyxACnNBXIixhhLagUgsFKw/kopffZgxG73sWDZE6zf2eIwBpVafgmsFKw/UkpvHmgYYY3FiN0eIgxlP5ue7EpaOMaUWo4JrBSsfHSw0hbHLto1zabVuvk2FzFOd43qXex+QWClSHDUzLGAzPmpYHFQ4jGu1HZMYKVg5RPvrGr1BcrPKaW3porlZ0dZPPbUx5XSjgmsFiw61nhw5IJlfWlHWcwPjjOmpjMCngSLjtUXHPn+q9yXvPSjjyelAxBYLVjMt4wFSb5gUUr7LFu2OIxxppYzAt4Ei3mstgDpFSy2OLRxpZRzAqsFS/CQuvQHSS0d1BbZ4tDPlhqOCXgQLDtaYB6rHixb2xlKNUm56zwpEYiAB8GiU/UFTEs6aFtkJbaPL6UdE/AgWILHPlfIPNZ+wPQ+IcAWh7kdUB8ul1bt159nl5HfScYgH1n0sB/9uf6vbe19P/cugrbmRbDoVO0BtLf/aqsVO+fFH4R21lpS4lNeTWcFqr+V59WQY7Hln9onwmdtzb9XS8JtKvYiWAJQOxXzWPuBbVO81lMuWNjoFwvvItV/Ry9rhOtrngSLTtUWgqUHnms1YVsj9PHv81FsT20dzdj0rlRf0kQ5XunTQsrYcj1tX4RV2hGbNbXU+nZkldujKWvNzhZbTiuDYJ2GetqFRgTLznu1jsqmGRysofyNTmK+Ht1jbyVURw/mg01zPQkW81htUTWy6ifvLPzh0Xy4eYs2LFNKlQ5EFF6I0xS8xxvxJFhyN8xj1X06shmUPwZ1rhx3VGe0vIQ3wbKd0Ztty531MOCoYDHCKnuSlVQvEb5jhzdRYHK4HjQjZ+HbVAfBesl4JM2ue4oS0wl4EyzbsdgvVHb3SOdCsLa7jn23AGI+XWLmNuhNsJhrqft3RLBsuuPN5/U7fl4Jy+WblNKPz7sULc8g4DF4mcfa92zvtgZGV/NGqjP6HG0cIOBRsEgL5wqW3QRJyvOBLSJ+QDRWVvUoWJzesB8RdtJdnh97XQkgRqwfA0KsVirOwWt7FCz+ArYLVsuzYOxt+58nYnVQMFZX9ypYwoUtDuXo6NngaMveOR3MH2S+M4vVmnPo+p4FS26M1a2X7s0Fa2+UZUcU3n19KJA3KpdOXECsnkH6pDa9BzHPwNVXuKRE6YHmO4+uSkKlDzDzXOBJ4vKMy3gXLOaz2tJCKZWPtO6WUm+dXyXHuMhIE6F6hoKc3GYEwcpFix3wH4IkTw01dCTlkeN69cTJK6dAeo+l00AZUZ0sJmdcLopg5ZPwV+6EPX7fEi0rXjK6uMrHCpSKdn5vCNVVvF24j0iChWhtp4d7543L/Jbs14ooXC0CpVQQqgsLld5aNMHKRxSMtD54Mj94bit0hZeW9xreOhe1NYKydiNSXr34JLuiCZYGsR1RtGyefBK+5c2WJpplkjl/5VTJUC/ipaMoORH1TYWo+FruT/5nEn15+J1vQETBUkr52dt3Gm21LNtLmXcPWG8bhUCKld6Z1xKZ9rVS9msVTxXST1JK/zS+MguBaiF/ozKRBWsrFbqqcO29dqpl5VTnsGR0OvIpjWisMI20mdcRUZPNwpyjPoPmBduILlilFFF+pgF/hbRBROGnx6ucZs3fHBWv1q6Q8xdBktHVn1kDV/BTKxPKHSBwBcHS2y9NPEccbYlAyT+7l2qWUG2Fil7T/l7fmSc/a5kX07klbQMROtAxqVomcCXBiiZcNp3SNG0rxWK3Nj0YAu9TpysKllfhsiMnTWVrQciyfY0Qv78VgSsLljhya3/Ss1NFu+FRVsVqy/V5GsWk8626ITfbSuDqgrU32pLf6bK5fj0y76LipPNOPaMnKav7oUau3epnykHgEgTuIlg14dpy5qylfJbrL9FduInVBO4mWFa4tlbhZviEDY8zKNIGBDICdxUsi8GmdHYpf29TpAiSsJNNjizn060gcBIBBGsftBUt5phOCkouA4EtAggWsQEBCIQhgGCFcRWGQgACCBYxAAEIhCGAYIVxFYZCAAIIFjEAAQiEIYBghXEVhkIAAggWMQABCIQhgGCFcRWGQgACCBYxAAEIhCGAYIVxFYZCAAIIFjEAAQiEIYBghXEVhkIAAggWMQABCIQhgGCFcRWGQgACCBYxAAEIhCGAYIVxFYZCAAIIFjEAAQiEIfAfbveIdNIKTJEAAAAASUVORK5CYII=', '{}', '{}', '/uploads/erfassungsbogen_1745942932.pdf', '2025-04-29 16:08:52', '2025-04-29 16:08:52');
INSERT INTO `form_responses` (`id`, `form_link_id`, `basic_info`, `languages`, `special_knowledge`, `professional_suitability`, `personal_suitability`, `personal_information`, `personal_suitability_applicant_signature`, `professional_information_applicant_signature1`, `professional_information_applicant_signature2`, `assessment`, `notes`, `pdf_url`, `created_at`, `updated_at`) VALUES
(6, 11, '{\"first_name\":\"Dhimmar\",\"last_name\":\"Jay\",\"street\":\"456 Park Avenue\",\"house_number\":\"303\",\"plz\":\"394327\",\"city\":\"Dist. - Surat\",\"birth_date\":\"2025-06-04\",\"place_of_birth\":\"surat\",\"country_of_birth\":\"India\",\"email\":\"info@storeindia.live\",\"interested_measure\":\"955/234/2023 - Partial qualification as a specialist in protection and security online: Protecting people and objects (TQ1) online\",\"measures_id\":2,\"entry_date\":\"2025-06-03\",\"departure_date\":\"2025-06-04\"}', '{\"german\":\"Mother Tongue\",\"english\":\"Verhandlungssicher\",\"french\":\"Very good\",\"turkish\":\"Good\",\"arabic\":\"Verhandlungssicher\",\"other\":\"Very good\"}', '{\"knowledge_1\":\"wergf\",\"knowledge_2\":\"hgj\",\"knowledge_3\":\"hjhkl\"}', '{\"has_internet_device\":true,\"b1_level_available\":false,\"job_board_access\":false,\"good_conduct_was_available\":false}', '{\"shift_system\":true,\"working_hours\":true,\"health_restrictions\":false,\"furniture_transport\":false,\"miscellaneous\":\"ewtryt\"}', '{\"security_sector_experience\":true,\"last_employment\":\"hj\",\"current_employment\":false}', 'data:image/png;base64,iVBORw0KGgoAAAANSUhEUgAAASwAAABkCAYAAAA8AQ3AAAAAAXNSR0IArs4c6QAABn5JREFUeF7t3Y+t40QQgPG9Dq4E6IAOgAoogVKAEijhKjmoANEBdEAHwEhvpNWe/eIkTrwT/yI9KX/szew38z7trh37Q/NAAAEEihD4UCROYSKAAAKNsBQBAgiUIUBYZVIlUAQQICw1gAACZQgQVplUCRQBBAhLDSCAQBkChFUmVQJFAAHCUgMIIFCGAGGVSZVAEUCAsNQAAgiUIUBYZVIlUAQQICw1gAACZQgQVplUCRQBBAhLDSCAQBkChFUmVQJFAAHCUgMIIFCGAGGVSZVAEUCAsNQAAgiUIUBYZVIlUAQQICw1gAACZQgQVplUCRQBBAhLDSCAQBkChFUmVQJFAAHCUgMIIFCGAGGVSZVAEUCAsNQAAgiUITCLsL5rrcXftx25eP3bQPL37nV+Nm5TBr5AEUDgOgJHC+vzm6iWog4RhbS2PlJcvdR+3rqz7RBAYH4CRwkrRBSyikeI5pfu+Rq1Xl75PEdkl8Q2yszobP7aFCECXxA4Slh/tNY+tta+3jknObWMZrfKLEMIiY1TzmdNN5emvzuj0RwC9QkcIawcXT37u3uZZeZCapdGZ73QerGk3KKNv1trfw1rcH11bP2OtYpamu72ceVItX5F6gEC7xB4tjQilBTW9wuL6kclK4UyiuXaUdpR8Y/yCpmG5J41Qjy6377/JASOEFag/ff/6ddMwrom3TnK6iU3HiCYTXT9GiGJXZNt205F4ChhxdG7nwpL65Ykrk0LRwEutT2e7nHL9/f79Ot1RmL30rT/0wgcJazoYB4ljJGWx+0E9pzOVh313k7PnqUIHCmsXMuK6YrzpR5bNuPR07XRnlw8Ng9av5PAkcKK0EnrzgTesfs4Motpp9HuHUDt+ngCRwuLtB6fY9+AwMsQmEFYATMX4U1JXqa0dASB/QnMIqx+pBXPiWv/XGsRgfIEZhJWwswfRJNW+fLSAQT2JTCjsPopYv4w2smO++ZdawiUJDCrsFJa+Vs/o62S5SVoBPYlMLOwsqe5IJ9nZztna98a0BoCZQhUEFYuyMdPefJnLDHiMk0sU2YCRWAfAlWElb0NYaW4UlrEtU8taAWB6QlUE9Y4TYzXeSUCU8Xpy02ACNxHoKqwlsQV7/nx7n31YG8EpiZQXVi5vpVTxXidi/MumzJ16QkOgesJvIKw+l7nEcX+PadEXF8X9kBgSgKvJqy1qWK/1mXkNWUpCgqBywReVVi9uOJ5HFnsH/+01n59e8Ni/eU6sQUCUxB4dWGN08X37pLjuudTlKQgEFgncCZhjfJaGnnlNq557r8GgQkJnFVYfSry8sGX7lFIYhMWsJDORYCwvsx3f/3zce1rqTpyKtmPzuK5M/DP9b+kt08gQFjbIOfC/KVR2FprKa/3bknff7bXnaIjnmxrvHt03ksx3yfYbbVgqwMJENZt8Jdu4NDL4bZWt+21JJa40/PaIyTbf573OMy7Q0df4r0YKeYJuDlq7Lcd2+lHlGS3LXe2upMAYd0JcGX3foS0Nlrq7xa99g9/tAjW7m7d39g1ESz1c4x/FOv4+dH9fUw1aHU3AoS1G0oNdQSW5LUm7rW7Wvfy6kU3ip7kTlR6hHWiZBft6nuj1R9aa59aa9+01n58e54C/Nha+7NbwyvafWH3BAhLPVQisPUUFDVeKatXxEpYV8Cy6SEE+itxbD16mtNEV6Y9JGWP+1LCehxbLd9GIKWUV5bd0kqsccWpJ9azttAqvA1hFU7eC4Ten6Sba09bRlFu//YCyb+lC4R1CzX7XEugPz3iGjHl97go47XEX3R7wnrRxD65W+ORvFukFCGHmL56O9rnDPwnJ7HC1xFWhSzNG+PSFV63RtsvjKestu5ru5MSIKyTJn6nbn9eOc9p7edDRk07gT9rM4R11szv1+/xx9X7tawlBAYChKUkEECgDAHCKpMqgSKAAGGpAQQQKEOAsMqkSqAIIEBYagABBMoQIKwyqRIoAggQlhpAAIEyBAirTKoEigAChKUGEECgDAHCKpMqgSKAAGGpAQQQKEOAsMqkSqAIIEBYagABBMoQIKwyqRIoAggQlhpAAIEyBAirTKoEigAChKUGEECgDAHCKpMqgSKAAGGpAQQQKEOAsMqkSqAIIEBYagABBMoQIKwyqRIoAggQlhpAAIEyBAirTKoEigAChKUGEECgDAHCKpMqgSKAAGGpAQQQKEOAsMqkSqAIIEBYagABBMoQ+A8hBbBlT1iLSAAAAABJRU5ErkJggg==', 'data:image/png;base64,iVBORw0KGgoAAAANSUhEUgAAASwAAABkCAYAAAA8AQ3AAAAAAXNSR0IArs4c6QAABLtJREFUeF7t2g1uEzEUhdF0JbATYCmsBFgZsBPYCVjE0mg0GSavP29ueyIhVIhj99h8clIeLh4ECBAIEXgIWadlEiBA4CJYDgEBAjECghWzVRZKgIBgOQMECMQICFbMVlkoAQKC5QwQIBAjIFgxW2WhBAgIljNAgECMgGDFbJWFEiAgWM4AAQIxAoIVs1UWSoCAYDkDBAjECAhWzFZZKAECguUMECAQIyBYMVtloQQICJYzQIBAjIBgxWyVhRIgIFjOAAECMQKCFbNVFkqAgGA5AwQIxAgIVsxWWSgBAoLlDBAgECMgWDFbZaEECAiWM0CAQIyAYMVslYUSICBYzgABAjECghWzVRZKgIBgOQMECMQICFbMVlkoAQKC5QwQIBAjIFgxW2WhBAgIljNAgECMgGDFbJWFEiAgWM4AAQIxAoIVs1UWSoCAYDkDBAjECAhWzFZZKAECguUMECAQIyBYMVtloQQICJYzQIBAjIBgxWyVhRIgIFjOAAECMQKCFbNVFkqAgGA5AwQIxAgIVsxWWSgBAoLlDBAgECMgWDFbZaEECAiWM0CAQIyAYMVslYUSICBYzgABAjECghWzVRZKgIBgZZ6Bj5fLZfxaPn5cv5i/Z35nVk1gR0Cwzn08Zpg+bARqb+XfNmImZOfea6s7ICBYB5Be+CkjUl/uDNTRJY5o/bw++evRQZ5H4CwCgnWWnfj3Fu+5QnXkNiZg5zkLVnJDQLDOcTRGLEasbj3m27nfl8vl3fWWdOst3vqzrb3XXc83XnPM8evvDc9nYuc4G1axEBCs/uOwFasRi/E51FN+7rT8oP6eiA2h5VvJ+fXy935FK3gTAoLVu83rWI2bzecnDtXed7iM2L0f7M/X3YrZU4a2d4fMfioBwerbju+rD9bHjepMnyM9V8yWoevTN3OkgGD1bNv6ZnW2WP1PZRnW6s1s/ZZy/vRyOff6pubm9r+deeV/L1g9GzxuL+OGNR5psToiduum+P76Q4P1DwaOvOZeyMbfLYM3wiZu96oGPF+wAjbplS9xxmsZsXFrWz4eG7jlbW7vJidyJz9sgnXyDbK8XYGt2M0B8zY3vq4Gbxmwdej8t4+GwylYDeimbBe4Fbp5s6sGbt7k5vitG9vWDW+CbD1//Nne67VjvuQCBOsltc2VKrB3kxvf0/ot7Pw+HxO+LatPb/2zOcFK/Sdk3akCy/jNG9XRsJ3pv720+AtWC7tJCRCoCAhWRc0YAgRaBASrhd2kBAhUBASromYMAQItAoLVwm5SAgQqAoJVUTOGAIEWAcFqYTcpAQIVAcGqqBlDgECLgGC1sJuUAIGKgGBV1IwhQKBFQLBa2E1KgEBFQLAqasYQINAiIFgt7CYlQKAiIFgVNWMIEGgREKwWdpMSIFAREKyKmjEECLQICFYLu0kJEKgICFZFzRgCBFoEBKuF3aQECFQEBKuiZgwBAi0CgtXCblICBCoCglVRM4YAgRYBwWphNykBAhUBwaqoGUOAQIuAYLWwm5QAgYqAYFXUjCFAoEVAsFrYTUqAQEVAsCpqxhAg0CIgWC3sJiVAoCIgWBU1YwgQaBEQrBZ2kxIgUBEQrIqaMQQItAgIVgu7SQkQqAj8AVIgRWXZAPxLAAAAAElFTkSuQmCC', 'data:image/png;base64,iVBORw0KGgoAAAANSUhEUgAAASwAAABkCAYAAAA8AQ3AAAAAAXNSR0IArs4c6QAABLpJREFUeF7t24FtE0EQBdBLJdAJUBlQGdABpdABaKWsWE4+ZxI7nnzzIiHgtPaO30y+1hfnYfNFgACBEIGHkDqVSYAAgU1gGQICBGIEBFZMqxRKgIDAMgMECMQICKyYVimUAAGBZQYIEIgREFgxrVIoAQICywwQIBAjILBiWqVQAgQElhkgQCBGQGDFtEqhBAgILDNAgECMgMCKaZVCCRAQWGaAAIEYAYEV0yqFEiAgsMwAAQIxAgIrplUKJUBAYJkBAgRiBARWTKsUSoCAwDIDBAjECAismFYplAABgWUGCBCIERBYMa1SKAECAssMECAQIyCwYlqlUAIEBJYZIEAgRkBgxbRKoQQICCwzQIBAjIDAimmVQgkQEFhmgACBGAGBFdMqhRIgILDMAAECMQICK6ZVCiVAQGCZAQIEYgQEVkyrFEqAgMAyAwQIxAgIrJhWKZQAAYFlBggQiBEQWDGtUigBAgLLDBAgECMgsGJapVACBASWGSBAIEZAYMW0SqEECAgsM0CAQIyAwIpplUIJEBBYZoAAgRgBgRXTKoUSICCwzAABAjECAiumVQolQEBgmQECBGIEBFZMqxRKgIDAMgMECMQICKyYVimUAAGBZQYIEIgREFgxrVIoAQICywwQIBAjILBiWqVQAgQElhkgQCBGQGDFtEqh4QIft237Hv4a2ssXWO0tUECwwAih+bX++8PjxfXauPRJaF3WbYF1mZ9H35/APoRm+IxXOk9J+yBaFcYp6sdyYT1VOWFdOC8C60JAD48SmEFTOQ3NF7aGzAiiEWDjb0HU0HqB1YBuy6sKHIXQ0Sno57Ztvx4rmAH09URFTkNXbdN1nkxgXcfRs7yOwD6M9m/PTu26PxGNNU5Dr9Ofmz+rwLo5uQ0f7wWtEJ+X/5y7P7SGz/5t2T6YQN+hgMC6w6Y2vKSjkJnXj35qti91noTmTWsno4ZmvuUtBdZb7k5vbUc/sh9VjQB66iQ07xWNdeMe0bxZvZ6E3Cfq7XHc7gIrrmUvLngfMPvTz3zip4JoLcCJ6MXt8MCXCAisl6j1PeZUmOyvvd+27d3ymaFR7XNCaH8v6NTbM/eL+mbgv95ZYP1t//im/rZMwzg9jG/+8efoXsv++vqBwVNvfY5OOfN5nvshxcrw7t92HX2oUQhVNK1pFRBYx4HV2pji5msYzc8SjWszGN0jKkJaliEgsP7t05fiDeVbdPfc54kE0S06YI83JyCwjlsywmv9fNAlzRtvw36f+R2z+dyC6BJlj717AYH1dItHcI2v9f7SuUetv+YhgJ72tYJAWUBglaksJECgW0BgdXfA/gQIlAUEVpnKQgIEugUEVncH7E+AQFlAYJWpLCRAoFtAYHV3wP4ECJQFBFaZykICBLoFBFZ3B+xPgEBZQGCVqSwkQKBbQGB1d8D+BAiUBQRWmcpCAgS6BQRWdwfsT4BAWUBglaksJECgW0BgdXfA/gQIlAUEVpnKQgIEugUEVncH7E+AQFlAYJWpLCRAoFtAYHV3wP4ECJQFBFaZykICBLoFBFZ3B+xPgEBZQGCVqSwkQKBbQGB1d8D+BAiUBQRWmcpCAgS6BQRWdwfsT4BAWUBglaksJECgW+APhT9GZTGETVMAAAAASUVORK5CYII=', '{\"measure_target_achievable\":false,\"clerk_name\":\"\",\"clerk_date\":\"2025-06-03\"}', '{\"clerk_remarks\":\"\",\"submission_date\":\"\",\"date_of_entry\":\"2025-06-03\",\"will_be_submitted\":false,\"reminder_set\":false}', '/uploads/erfassungsbogen_1748933474.pdf', '2025-06-03 06:51:14', '2025-06-03 07:03:44'),
(7, 12, '{\"first_name\":\"Dhimmar\",\"last_name\":\"Jay\",\"street\":\"123 Main Street\",\"house_number\":\"303\",\"plz\":\"394327\",\"city\":\"Dist. - Surat\",\"birth_date\":\"2025-06-04\",\"place_of_birth\":\"sff\",\"country_of_birth\":\"India\",\"email\":\"info@storeindia.live\",\"interested_measure\":\"955/234/2023 - First Measurement\",\"measures_id\":5,\"entry_date\":\"2025-06-03\",\"departure_date\":\"2025-06-04\"}', '{\"german\":\"Mother Tongue\",\"english\":\"Verhandlungssicher\",\"french\":\"Verhandlungssicher\",\"turkish\":\"Very good\",\"arabic\":\"Very good\",\"other\":\"Very good\"}', '{\"knowledge_1\":\"wergf\",\"knowledge_2\":\"hgj\",\"knowledge_3\":\"hjhkl\"}', '{\"has_internet_device\":false,\"b1_level_available\":true,\"job_board_access\":false,\"good_conduct_was_available\":false}', '{\"shift_system\":false,\"working_hours\":false,\"health_restrictions\":false,\"furniture_transport\":false,\"miscellaneous\":\"ewtryt\"}', '{\"security_sector_experience\":true,\"last_employment\":\"hj\",\"current_employment\":true}', 'data:image/png;base64,iVBORw0KGgoAAAANSUhEUgAAASwAAABkCAYAAAA8AQ3AAAAAAXNSR0IArs4c6QAABOVJREFUeF7t3e1x00AUBdBNB5RCB0Al0AnQCVQCVAYsgxMhpMiO9bF3dTzDH2JLz+e93Flt5OSheBAgQCBE4CGkTmUSIECgCCxDQIBAjIDAimmVQgkQEFhmgACBGAGBFdMqhRIgILDMAAECMQICK6ZVCiVAQGCZAQIEYgQEVkyrFEqAgMAyAwQIxAgIrJhWKZQAAYFlBggQiBEQWDGtUigBAgLLDBAgECMgsGJapVACBASWGSBAIEZAYMW0SqEECAgsM0CAQIyAwIpplUIJEBBYZoAAgRgBgRXTKoUSICCwzAABAjECAiumVQolQEBgmQECBGIEBFZMqxRKgIDAMgMECMQICKyYVimUAAGBZQYIEIgREFgxrVIoAQICywwQIBAjILBiWqVQAgQElhkgQCBGQGDFtEqhBAgILDNAgECMgMCKaZVCCRAQWGaAAIEYAYEV0yqFEiBwhsB6W0p5XUp59bvdn7ScAIFcgd4D61sppQbW8PFZcOUOrMrPLdBzYNXV1Mdn2iu4zj373n2gQK+BtRRWVlyBw6pkAr0G1s9Bay8rqcv+1dSqy2rL9wKBAIEeA2u4bzUVRHVPq/4bB9f3Usq7gJ4pkcBpBXoLrBpENbDqYymApi4bl15z2kHxxgm0INBbYFXTGkRvrlwtCa0WplANBK4U6DGwrnzrj0+7XB6Ob3+ol4d1xeVBgEAjAgLrqRHDjfrL/wqtRgZVGQSqgMB6moO5ldbXUsoH40KAwPECAuv/HkzdHW8z/vhZVQEBK6yZGZgLrR9/N/WNDgECBwhYYc2jfymlvJ/4sptMDxhUpyRgD2t5Bob3dQ2fLbSW7TyDwOoCVljLpHN3xtdX+inisp9nEFhNQGBdTzn3gWqrresNPZPAXQIC6zY+oXWbl2cTWFVAYN3OOXe/lpXW7ZZeQeAmAYF1E9c/T3a/1svtvJLAiwQE1ovYHl80d4nI9T5XryYwKeAb6/7BmLv1wU8Q77d1BAL/CAis9QZiarUltNbzdSQCPpqz8gxMhZbN+JWRHe68AlZY6/deaK1v6ogE/ggIrO0GYRxcVlrbWTvySQQE1raNFlrb+jr6yQQE1vYNH99oaqW1vbkzdCogsPZr7PDX1Qit/dydqSMBgbVvM8eXiG572Nff2cIFBNb+DXSJuL+5M3YiILCOa+TSX6g+rjJnJtCogMA6tjHDS0T7Wsf2wtkDBATW8U0ahlb96zw1uPwB1+P7ooIGBQRWG02xGd9GH1TRuIDAaqdBNuPb6YVKGhUQWO01xmZ8ez1RUSMCAquRRozKsBnfZl9UdbCAwDq4Ac+cXmi12xuVHSQgsA6Cv/K0499mql9XwnlanwK+Adrv63gz3sd52u+ZCjcSEFgbwW5w2OFmvNDaANgh2xcQWO33aFihfa2sfql2ZQGBtTLoDocTWjsgO0WbAgKrzb4sVTXc1/IZxCUtX+9GQGBlt/Ky2qqfPaz7Wh4EuhYQWPntHYaWD07n99M7eEZAYPUxHlZaffTRu1gQEFj9jEgNrXpp6FfT9NNT72QkILCMBAECMQICK6ZVCiVAQGCZAQIEYgQEVkyrFEqAgMAyAwQIxAgIrJhWKZQAAYFlBggQiBEQWDGtUigBAgLLDBAgECMgsGJapVACBASWGSBAIEZAYMW0SqEECAgsM0CAQIzAL6RqaWVxFQp8AAAAAElFTkSuQmCC', 'data:image/png;base64,iVBORw0KGgoAAAANSUhEUgAAASwAAABkCAYAAAA8AQ3AAAAAAXNSR0IArs4c6QAABElJREFUeF7t2Itt1EAUBdBJB5RAJ0AFlBSoDOgEOqAE8qSMNFi7a0uJZd2Zs1LEJxv7+dy3N959ah4ECBAIEXgKmdOYBAgQaArLEhAgECOgsGKiMigBAgrLDhAgECOgsGKiMigBAgrLDhAgECOgsGKiMigBAgrLDhAgECOgsGKiMigBAgrLDhAgECOgsGKiMigBAgrLDhAgECOgsGKiMigBAgrLDhAgECOgsGKiMigBAgrLDhAgECOgsGKiMigBAgrLDhAgECOgsGKiMigBAgrLDhAgECOgsGKiMigBAgrLDhAgECOgsGKiMigBAgrLDhAgECOgsGKiMigBAgrLDhAgECOgsGKiMigBAgrLDhAgECOgsGKiMigBAgrLDhAgECOgsGKiMigBAgrLDhAgECOgsGKiMigBAgrLDhAgECOgsGKiMigBAgrLDhAgECOgsGKiMigBAgrLDhAgECOgsGKiMigBAgrLDhAgECOgsGKiMigBAgrLDhAgECOgsGKiMigBAgrLDhAgECOgsGKiMigBAgrLDhAgECOgsGKiMigBAgrLDhAgECOgsGKiMigBAgrLDhAgECOgsGKiMigBAgrLDhAgECOgsGKiMigBAgrLDhAgECOgsGKiMigBAgrLDhAgECOgsGKiMigBAgrLDhAgECOgsGKiMigBAgrLDhAgECOgsGKiMigBAgrLDhAgECOgsGKiMigBAgrLDhAgECOgsGKiMigBAgrLDhAgECOgsGKiMigBAgrLDhAgECOgsGKiMigBAgrLDhAgECOgsGKiMigBAgrLDhAgECOgsGKiMigBAgrLDhAgECOgsGKiMigBAgrLDhAgECOgsK6L6nNr7efLV/25fdT/fdoZrf98Pa0fY3u8+vfe49dwrj+ttd83fqCOc+RYe+fyfQJvElBY//PdKoH+jFvFslcqY5nU3+tF//H1603BXfjDvbjGcrvnUGXYH98unNmpJxGYubDu3blUdOML7Nbz6i6jiuXIo9/VPLoD+T7cBf1trX0YDlyzjC/s7Xx7M9wr2e08t65z79hnfL8s3LGdIbvAMWcurPqN/nwww/7i7sVRZTW+Ndq++Gd7e3T0zrLK9b2Kr6zf61gHY/a0dIGZC6teDFVY493LWDSzlc4Vu1jGvXSO/nIY56wMvlwxuHNmCsxcWJmJzDH1WGR1RY/KrN4i+nxrjtxPvwqFdTqxEwwCVUxfXz8f7J/j1V1W/1wLFoGHAgrLglwl8GN4O+ku66oUws6rsMICm2jcettYpdUf9VmWzxUnCviMS1FYZ6g65lGBsbQU1lG1hZ+nsBYO36UTSBNQWGmJmZfAwgIKa+HwXTqBNAGFlZaYeQksLKCwFg7fpRNIE1BYaYmZl8DCAgpr4fBdOoE0AYWVlph5CSwsoLAWDt+lE0gTUFhpiZmXwMICCmvh8F06gTQBhZWWmHkJLCygsBYO36UTSBP4B7WeM2W9p+Z+AAAAAElFTkSuQmCC', 'data:image/png;base64,iVBORw0KGgoAAAANSUhEUgAAASwAAABkCAYAAAA8AQ3AAAAAAXNSR0IArs4c6QAABOxJREFUeF7t3OFt1EoUgFGnA0qgE6ASSgE6oROgBDqATmCkjGRZ4zDO3rvstU9+vUTO3dkz8z55NwlPiw8CBAgUEXgqsk7LJECAwCJYDgEBAmUEBKvMVlkoAQKC5QwQIFBGQLDKbJWFEiAgWM4AAQJlBASrzFZZKAECguUMECBQRkCwymyVhRIgIFjOAAECZQQEq8xWWSgBAoLlDBAgUEZAsMpslYUSICBYzgABAmUEBKvMVlkoAQKC5QwQIFBGQLDKbJWFEiAgWM4AAQJlBASrzFZZKAECguUMECBQRkCwymyVhRIgIFjOAAECZQQEq8xWWSgBAoLlDBAgUEZAsMpslYUSICBYzgABAmUEBKvMVlkoAQKC5QwQIFBGQLDKbJWFEiAgWM4AAQJlBASrzFZZKAECguUMECBQRkCwymyVhRIgIFjOAAECZQQEq8xWWSgBAoLlDBAgUEZAsMpslYUSICBYzgABAmUEBKvMVlkoAQKC5QwQIFBGQLDKbJWFEiAgWM4AAQJlBASrzFZZKAECguUMECBQRkCwymyVhRIgIFjOAAECZQQEq8xWWSgBAlWC9f55q74vy9L/u32pfe6DAIGLCFQIVgvUt1WctsFafz7ath61dfTade3zUfB+DIZsrxPKi/wP4mk+lkCFYM2I7UXrSNze7TzQTBB7/NaxE7mZnXMNgQMCZwnWgaccduk6ZNuotfi1eL1dluXj4OXsNmZ7oXMnF7ZdBp1BQLDuu4stbP1ubB25fnf3r7u5ttovL7xkFbj77qdHu7OAYN0ZfOLherRGd23922fC1uO1fU+uf13cJjbDJY8lIFiPtR9HVzN6WXrkbq0/3ihu7WuidnRHXJ8qIFipvA8zfHTX1sI2enm6t+i9qLXrhe1htvrcCxGsc+/v0WfX32Pr39ejNjtnHa7+UnT9NWGblXTdUECwHIyjAtuote8/8jJ0FLV+lyZoR3fjYtcL1sU2/E5PdxS1Twcee+/l5/qXfcXtAOhZLhWss+xkvecxevnZnsXMT0D7Hdk6YL+XZfn1fLe395PRkZLwFTo7glVosy661O0PDLZ/kTAbuFm+l16y9hkiN6sZfJ1gBYMa918F1ndtR16C3rroFrA3y7L8/PvXDV9Xw9Z/x7r3N623Pvalvl+wLrXdl3uyo7uz6DuyW1E/+LWQeULBmrdy5XkEbv31jUiJ9qdWnyMHnnmWYJ15dz231wjc+msb28fs/4bb6L2x9n5cu8PyMSkgWJNQLiMwENh7eelN+aTjIlhJsMYSIBAvIFjxpiYSIJAkIFhJsMYSIBAvIFjxpiYSIJAkIFhJsMYSIBAvIFjxpiYSIJAkIFhJsMYSIBAvIFjxpiYSIJAkIFhJsMYSIBAvIFjxpiYSIJAkIFhJsMYSIBAvIFjxpiYSIJAkIFhJsMYSIBAvIFjxpiYSIJAkIFhJsMYSIBAvIFjxpiYSIJAkIFhJsMYSIBAvIFjxpiYSIJAkIFhJsMYSIBAvIFjxpiYSIJAkIFhJsMYSIBAvIFjxpiYSIJAkIFhJsMYSIBAvIFjxpiYSIJAkIFhJsMYSIBAvIFjxpiYSIJAkIFhJsMYSIBAvIFjxpiYSIJAkIFhJsMYSIBAvIFjxpiYSIJAkIFhJsMYSIBAvIFjxpiYSIJAkIFhJsMYSIBAvIFjxpiYSIJAk8AfoQU5lkMwvTQAAAABJRU5ErkJggg==', '{\"measure_target_achievable\":false,\"clerk_name\":\"\",\"clerk_date\":\"2025-06-03\"}', '{\"clerk_remarks\":\"\",\"submission_date\":\"\",\"date_of_entry\":\"2025-06-03\",\"will_be_submitted\":false,\"reminder_set\":false}', '/uploads/erfassungsbogen_1748934045.pdf', '2025-06-03 07:00:45', '2025-06-03 07:09:50');

-- --------------------------------------------------------

--
-- Table structure for table `intermediaries`
--

CREATE TABLE `intermediaries` (
  `id` int(11) NOT NULL,
  `intermediary` varchar(255) NOT NULL,
  `agent_email` varchar(255) DEFAULT NULL,
  `agent_tel` bigint(20) DEFAULT NULL,
  `internal_external` enum('Internal','External') DEFAULT NULL,
  `created_at` timestamp NOT NULL DEFAULT current_timestamp(),
  `updated_at` timestamp NOT NULL DEFAULT current_timestamp() ON UPDATE current_timestamp()
) ENGINE=InnoDB DEFAULT CHARSET=utf8mb4 COLLATE=utf8mb4_general_ci;

--
-- Dumping data for table `intermediaries`
--

INSERT INTO `intermediaries` (`id`, `intermediary`, `agent_email`, `agent_tel`, `internal_external`, `created_at`, `updated_at`) VALUES
(3, 'Sibel', 'test@gmail.com', 4564645655, 'Internal', '2025-03-28 05:24:29', '2025-06-13 10:22:43');

-- --------------------------------------------------------

--
-- Table structure for table `invoice_recipients`
--

CREATE TABLE `invoice_recipients` (
  `id` int(11) NOT NULL,
  `student_id` int(6) UNSIGNED ZEROFILL DEFAULT NULL,
  `company` varchar(255) DEFAULT NULL,
  `contact_person` varchar(100) DEFAULT NULL,
  `routing_id` varchar(50) DEFAULT NULL,
  `email` varchar(255) DEFAULT NULL,
  `street` varchar(255) DEFAULT NULL,
  `postal_code` varchar(10) DEFAULT NULL,
  `city` varchar(100) DEFAULT NULL
) ENGINE=InnoDB DEFAULT CHARSET=utf8mb4 COLLATE=utf8mb4_general_ci;

--
-- Dumping data for table `invoice_recipients`
--

INSERT INTO `invoice_recipients` (`id`, `student_id`, `company`, `contact_person`, `routing_id`, `email`, `street`, `postal_code`, `city`) VALUES
(1, 100001, '', '', '', '', NULL, '', ''),
(2, 100002, '', '', '', '', NULL, '', ''),
(3, 100004, '', '', '', '', NULL, '', ''),
(4, 100003, '', '', '', '', NULL, '', '');

-- --------------------------------------------------------

--
-- Table structure for table `invoice_reminders`
--

CREATE TABLE `invoice_reminders` (
  `id` int(11) NOT NULL,
  `invoice_id` int(11) NOT NULL,
  `reminder_number` int(11) NOT NULL,
  `reminder_date` date NOT NULL,
  `pdf_path` varchar(255) NOT NULL
) ENGINE=InnoDB DEFAULT CHARSET=utf8mb4 COLLATE=utf8mb4_general_ci;

--
-- Dumping data for table `invoice_reminders`
--

INSERT INTO `invoice_reminders` (`id`, `invoice_id`, `reminder_number`, `reminder_date`, `pdf_path`) VALUES
(1, 13, 1, '2025-06-02', '/Users/jaydhimar/Documents/SchoolBackend/uploads/bad/Rechnung_orrektur_1748852594.pdf'),
(2, 13, 2, '2025-06-02', '/Users/jaydhimar/Documents/SchoolBackend/uploads/bad/Rechnung_orrektur_1748852639.pdf'),
(3, 15, 1, '2025-06-02', '/Users/jaydhimar/Documents/SchoolBackend/uploads/bad/Rechnung_orrektur_1748853088.pdf'),
(4, 5, 1, '2025-06-02', '/uploads/bad/Rechnung_orrektur_1748853950.pdf'),
(5, 14, 1, '2025-06-03', 'http://192.168.31.110:3000/uploads/bad/Rechnung_orrektur_1748935011.pdf'),
(6, 14, 2, '2025-06-03', 'http://192.168.31.110:3000/uploads/bad/Rechnung_orrektur_1748935156.pdf'),
(7, 14, 3, '2025-06-03', '/uploads/bad/Rechnung_orrektur_1748935783.pdf'),
(8, 2, 1, '2025-06-03', '/uploads/bad/Rechnung_orrektur_1748937379.pdf'),
(9, 2, 2, '2025-06-03', '/uploads/bad/Rechnung_orrektur_1748939247.pdf');

-- --------------------------------------------------------

--
-- Table structure for table `lecturers`
--

CREATE TABLE `lecturers` (
  `lecturer_id` int(11) NOT NULL,
  `first_name` varchar(255) NOT NULL COMMENT 'Vorname (First name)',
  `last_name` varchar(255) NOT NULL COMMENT 'Nachname (Last name)',
  `start_time` datetime NOT NULL COMMENT 'Zeit Von (Start time)',
  `end_time` datetime NOT NULL COMMENT 'Zeit Bis (End time)',
  `course` varchar(255) NOT NULL COMMENT 'Maßnahme (Course/Program)',
  `joining_date` date NOT NULL,
  `photo` varchar(255) NOT NULL COMMENT 'Foto (Image file path)',
  `certificates` longtext CHARACTER SET utf8mb4 COLLATE utf8mb4_bin DEFAULT NULL COMMENT 'Qualifikationsnachweise/Zertifikate (Array of PDF paths)' CHECK (json_valid(`certificates`)),
  `created_at` timestamp NOT NULL DEFAULT current_timestamp(),
  `updated_at` timestamp NOT NULL DEFAULT current_timestamp() ON UPDATE current_timestamp(),
  `deleted_at` timestamp NULL DEFAULT NULL,
  `password` varchar(255) NOT NULL DEFAULT '' COMMENT 'Password for lecturer login',
  `measures_id` int(11) DEFAULT NULL
) ENGINE=InnoDB DEFAULT CHARSET=utf8mb4 COLLATE=utf8mb4_general_ci;

--
-- Dumping data for table `lecturers`
--

INSERT INTO `lecturers` (`lecturer_id`, `first_name`, `last_name`, `start_time`, `end_time`, `course`, `joining_date`, `photo`, `certificates`, `created_at`, `updated_at`, `deleted_at`, `password`, `measures_id`) VALUES
(112201, 'jay', 'Dhimmar', '2025-06-03 09:00:00', '2025-06-03 16:15:00', '955/234/2023 - Partial qualification as a specialist in protection and security online: Protecting people and objects (TQ1) online', '0000-00-00', '/uploads/photos/photo-1746519784380-246223201.jpg', '[\"/uploads/certificates/certificates-1746519784400-437932244.pdf\"]', '2025-05-06 08:23:04', '2025-06-10 07:16:50', NULL, '$2b$10$FNXvrKtl5hjYgqMRpBC5VumyWnQJLKitZCYl/VP6C2WNhPm1bDXuW', 2),
(112202, 'Super', 'Vishal', '2025-06-10 09:00:00', '2025-06-10 16:15:00', '955/234/2023 - First Measurement', '2025-06-09', '', '[]', '2025-06-03 06:21:52', '2025-06-10 06:38:58', NULL, '$2b$10$3WTE7NGD6YJg0CT1Wymt..MwoKFY4dY0gfxpiFoOoY3x3Nwrma1wG', 5),
(112203, 'Dhimmar', 'Jimmy', '2025-06-13 09:00:00', '2025-06-13 16:15:00', '955/123/2025 - Sicherheit Kontrolle 31 GWO', '2025-06-01', '/uploads/photos/photo-1749809250779-75461237.png', '[]', '2025-06-10 06:01:13', '2025-06-13 10:22:33', '2025-06-13 10:22:33', '$2b$10$K/OJFr4Te64fCMOnVs64ZOmMNJ.PbAjVKoDCIX.5WKcnMwGtJ/826', 2);

-- --------------------------------------------------------

--
-- Table structure for table `measurements`
--

CREATE TABLE `measurements` (
  `id` int(11) NOT NULL,
  `measures_number` varchar(50) NOT NULL,
  `measures_title` varchar(255) NOT NULL,
  `months` int(11) NOT NULL,
  `according_to_paragraph` text NOT NULL,
  `show_in_documents` tinyint(1) DEFAULT 1,
  `deleted_at` timestamp NULL DEFAULT NULL,
  `created_at` timestamp NOT NULL DEFAULT current_timestamp(),
  `updated_at` timestamp NOT NULL DEFAULT current_timestamp() ON UPDATE current_timestamp()
) ENGINE=InnoDB DEFAULT CHARSET=utf8mb4 COLLATE=utf8mb4_general_ci;

--
-- Dumping data for table `measurements`
--

INSERT INTO `measurements` (`id`, `measures_number`, `measures_title`, `months`, `according_to_paragraph`, `show_in_documents`, `deleted_at`, `created_at`, `updated_at`) VALUES
(2, '955/234/2023', 'Partial qualification as a specialist in protection and security online: Protecting people and objects (TQ1) online', 6, '§45 Coaching', 1, NULL, '2025-03-27 13:08:47', '2025-03-28 10:19:07'),
(4, '955/234/2025', 'First Measurement', 6, '§34a Sachkunde', 0, '2025-06-16 10:26:27', '2025-03-27 13:56:14', '2025-06-16 10:26:27'),
(5, '955/234/2023', 'First Measurement', 6, '§34a Sachkunde', 0, '2025-06-16 10:27:23', '2025-05-27 12:21:29', '2025-06-16 10:27:23'),
(7, '955/234/2023', 'Partial qualification as a specialist in protection and security online: Protecting people and objects (TQ1) online', 6, '§34a Sachkunde', 1, '2025-06-16 10:26:32', '2025-06-16 09:55:39', '2025-06-16 10:26:32'),
(8, '955/234', 'Partial qualification as a specialist in protection and security online: Protecting people and objects (TQ1) online', 6, '§34a Sachkunde', 1, '2025-06-16 10:26:36', '2025-06-16 09:55:51', '2025-06-16 10:26:36');

-- --------------------------------------------------------

--
-- Table structure for table `monthly_reports`
--

CREATE TABLE `monthly_reports` (
  `id` int(11) NOT NULL,
  `lecturer_id` int(11) NOT NULL,
  `description` varchar(255) NOT NULL,
  `pdf_url` varchar(255) NOT NULL,
  `month` int(11) NOT NULL,
  `year` int(11) NOT NULL,
  `created_at` timestamp NOT NULL DEFAULT current_timestamp()
) ENGINE=InnoDB DEFAULT CHARSET=utf8mb4 COLLATE=utf8mb4_general_ci;

--
-- Dumping data for table `monthly_reports`
--

INSERT INTO `monthly_reports` (`id`, `lecturer_id`, `description`, `pdf_url`, `month`, `year`, `created_at`) VALUES
(19, 112201, 'Schulungsreport Monat: Juni 2025 Dozent: jay Dhimmar', 'http://192.168.31.110:3000/uploads/schulungsreport/schulungsreport_1750068510.pdf', 6, 2025, '2025-06-16 10:08:31');

-- --------------------------------------------------------

--
-- Table structure for table `positions`
--

CREATE TABLE `positions` (
  `id` int(11) NOT NULL,
  `user_id` int(6) UNSIGNED ZEROFILL NOT NULL,
  `position` varchar(255) NOT NULL,
  `responsibility_authority` text NOT NULL,
  `internal_external` enum('Internal','External') NOT NULL,
  `hierarchically_assigned_to` int(11) DEFAULT NULL,
  `created_at` timestamp NOT NULL DEFAULT current_timestamp(),
  `updated_at` timestamp NOT NULL DEFAULT current_timestamp() ON UPDATE current_timestamp()
) ENGINE=InnoDB DEFAULT CHARSET=utf8mb4 COLLATE=utf8mb4_general_ci;

--
-- Dumping data for table `positions`
--

INSERT INTO `positions` (`id`, `user_id`, `position`, `responsibility_authority`, `internal_external`, `hierarchically_assigned_to`, `created_at`, `updated_at`) VALUES
(8, 000003, 'Team Lead', 'Leading the development team', 'Internal', 2, '2025-05-19 09:58:06', '2025-05-19 09:58:06'),
(9, 000002, 'Team Lead', 'Leading the development team', 'Internal', 3, '2025-05-19 14:16:48', '2025-05-19 14:16:48'),
(10, 000004, 'Team Lead', 'Leading the development team', 'External', 2, '2025-05-19 14:17:59', '2025-05-19 14:17:59'),
(12, 000005, 'Team Lead', 'Leading the development team', 'External', 4, '2025-05-19 15:11:02', '2025-05-19 15:11:02'),
(13, 000007, 'Team Lead', 'Leading the development team', 'External', 5, '2025-05-19 15:56:59', '2025-05-19 15:56:59');

-- --------------------------------------------------------

--
-- Table structure for table `qualification_matrix`
--

CREATE TABLE `qualification_matrix` (
  `id` int(11) NOT NULL,
  `description` varchar(255) DEFAULT NULL,
  `pdf_url` varchar(255) NOT NULL,
  `created_at` timestamp NOT NULL DEFAULT current_timestamp()
) ENGINE=InnoDB DEFAULT CHARSET=utf8mb4 COLLATE=utf8mb4_general_ci;

--
-- Dumping data for table `qualification_matrix`
--

INSERT INTO `qualification_matrix` (`id`, `description`, `pdf_url`, `created_at`) VALUES
(1, 'Qualifizierungsmatrix', 'http://localhost:3000http://192.168.31.110:3000/uploads/qualifizierungsmatrix_1747744611.pdf', '2025-05-20 12:36:59'),
(2, 'Qualifizierungsmatrix', 'http://192.168.31.110:3000/uploads/qualifizierungsmatrix_1747744745.pdf', '2025-05-20 12:39:08');

-- --------------------------------------------------------

--
-- Table structure for table `qualifizierungsplan`
--

CREATE TABLE `qualifizierungsplan` (
  `id` int(11) NOT NULL,
  `start_date` varchar(10) NOT NULL,
  `end_date` varchar(10) NOT NULL,
  `year` varchar(10) NOT NULL,
  `description` text DEFAULT NULL,
  `pdf_url` text NOT NULL,
  `created_at` timestamp NOT NULL DEFAULT current_timestamp(),
  `updated_at` timestamp NOT NULL DEFAULT current_timestamp() ON UPDATE current_timestamp()
) ENGINE=InnoDB DEFAULT CHARSET=utf8mb4 COLLATE=utf8mb4_general_ci;

--
-- Dumping data for table `qualifizierungsplan`
--

INSERT INTO `qualifizierungsplan` (`id`, `start_date`, `end_date`, `year`, `description`, `pdf_url`, `created_at`, `updated_at`) VALUES
(11, '2025', '2025', '2025', '3 Monatige Maßnahmen Unterricht 09:00 bis 16:15 Uhr', 'http://192.168.31.110:3000/uploads/qualifizierrungsplan_1747995336.pdf', '2025-05-23 10:15:40', '2025-05-23 10:15:40'),
(12, '2024', '2025', '2024', 'Qualifizierungsplan 2024 - 2025', 'http://192.168.31.110:3000/uploads/qualifizierrungsplan_1747997030.pdf', '2025-05-23 10:43:54', '2025-05-23 10:43:54');

-- --------------------------------------------------------

--
-- Table structure for table `result_sheet_pdf`
--

CREATE TABLE `result_sheet_pdf` (
  `id` int(11) NOT NULL,
  `student_id` int(6) UNSIGNED ZEROFILL DEFAULT NULL,
  `description` varchar(255) DEFAULT 'Ergebnisbogen / Bewerberprofil',
  `sent_to` varchar(255) DEFAULT NULL,
  `sent_on` datetime DEFAULT NULL,
  `pdf_url` text NOT NULL,
  `created_at` timestamp NOT NULL DEFAULT current_timestamp()
) ENGINE=InnoDB DEFAULT CHARSET=utf8mb4 COLLATE=utf8mb4_general_ci;

--
-- Dumping data for table `result_sheet_pdf`
--

INSERT INTO `result_sheet_pdf` (`id`, `student_id`, `description`, `sent_to`, `sent_on`, `pdf_url`, `created_at`) VALUES
(5, 100001, 'Ergebnisbogen / Bewerberprofil', NULL, NULL, '/uploads/ergebnisbogen-bewerberprofil_1746612523.pdf', '2025-05-07 10:08:43');

-- --------------------------------------------------------

--
-- Table structure for table `student`
--

CREATE TABLE `student` (
  `student_id` int(6) UNSIGNED ZEROFILL NOT NULL,
  `password` varchar(255) DEFAULT NULL,
  `voucher_type` enum('BGS','AVGS') DEFAULT NULL,
  `salutation` enum('Herr','Frau','Drivers') DEFAULT NULL,
  `first_name` varchar(100) DEFAULT NULL,
  `last_name` varchar(100) DEFAULT NULL,
  `date_of_entry` date DEFAULT NULL,
  `date_of_exit` date DEFAULT NULL,
  `measures` varchar(255) DEFAULT NULL,
  `intermediary_internal` varchar(100) DEFAULT NULL,
  `lecturer` varchar(100) DEFAULT NULL,
  `created_at` timestamp NOT NULL DEFAULT current_timestamp(),
  `updated_at` timestamp NOT NULL DEFAULT current_timestamp() ON UPDATE current_timestamp(),
  `deleted_at` timestamp NULL DEFAULT NULL,
  `measures_id` int(11) DEFAULT NULL
) ENGINE=InnoDB DEFAULT CHARSET=utf8mb4 COLLATE=utf8mb4_general_ci;

--
-- Dumping data for table `student`
--

INSERT INTO `student` (`student_id`, `password`, `voucher_type`, `salutation`, `first_name`, `last_name`, `date_of_entry`, `date_of_exit`, `measures`, `intermediary_internal`, `lecturer`, `created_at`, `updated_at`, `deleted_at`, `measures_id`) VALUES
(100001, '$2b$10$kpJki3nvrVp95XcKpw3U/eL0xScC8W4JVNUdjE6m6b3TWCeHUOacu', 'AVGS', 'Frau', 'Dhimmar', 'Jay', '2025-05-04', '2027-05-31', '955/234/2023 - Partial qualification as a specialist in protection and security online: Protecting people and objects (TQ1) online', 'Sibel', '112201', '2025-05-06 08:39:43', '2025-06-10 06:33:45', NULL, 2),
(100002, '$2b$10$gAAm4a5PVc9AEFpTRPQceuqZGUkywEZeCcv9WUOl/.Tg4pR5VtXxq', 'AVGS', 'Frau', 'Dhimmar', 'Yash', '2025-05-04', '2027-05-31', '955/234/2023 - Partial qualification as a specialist in protection and security online: Protecting people and objects (TQ1) online', 'Sibel', '', '2025-05-07 08:48:51', '2025-06-11 11:29:32', NULL, 2),
(100003, '$2b$10$KgCUKf.1omgfTuejNQHdIu4U0TQqQdl5E4WNF0guCqt/JwqRgEtTu', 'AVGS', 'Frau', 'Dhimmar', 'Vishal', '2025-05-06', '2027-05-31', '955/234/2023 - Partial qualification as a specialist in protection and security online: Protecting people and objects (TQ1) online', 'Sibel', '0112203', '2025-05-07 13:11:47', '2025-06-13 05:18:39', '2025-06-12 05:08:00', 2),
(100004, '$2b$10$10LtnOC5GRW7yOMLoBdtT.wn65/SSPJdjs/cM4wHnhBv5xjIu9.hK', 'AVGS', 'Herr', 'Dhimmar', 'Jay d', '2025-05-07', '2027-05-31', '955/234/2023 - Partial qualification as a specialist in protection and security online: Protecting people and objects (TQ1) online', 'Sibel', '', '2025-05-07 13:13:06', '2025-06-12 05:08:00', '2025-06-12 05:08:00', 2),
(100005, '$2b$10$gLiACeaTEQkNzE.8U/zbguFACUEvXbGVUrrOIgh2s26QHB2bkm8uG', 'BGS', 'Frau', 'Dhimm', 'Jay', '2025-06-03', '2025-06-04', '955/234/2023 - Partial qualification as a specialist in protection and security online: Protecting people and objects (TQ1) online', 'Sibel', NULL, '2025-06-03 05:30:18', '2025-06-12 05:08:23', '2025-06-12 05:08:23', NULL);

-- --------------------------------------------------------

--
-- Table structure for table `student_attendance`
--

CREATE TABLE `student_attendance` (
  `id` int(11) NOT NULL,
  `student_id` int(6) UNSIGNED ZEROFILL DEFAULT NULL,
  `attendance_date` date NOT NULL,
  `morning_attendance` tinyint(1) DEFAULT 0,
  `morning_attendance_time` timestamp NULL DEFAULT NULL,
  `afternoon_attendance` tinyint(1) DEFAULT 0,
  `afternoon_attendance_time` timestamp NULL DEFAULT NULL,
  `created_at` timestamp NOT NULL DEFAULT current_timestamp(),
  `updated_at` timestamp NOT NULL DEFAULT current_timestamp() ON UPDATE current_timestamp()
) ENGINE=InnoDB DEFAULT CHARSET=utf8mb4 COLLATE=utf8mb4_general_ci;

--
-- Dumping data for table `student_attendance`
--

INSERT INTO `student_attendance` (`id`, `student_id`, `attendance_date`, `morning_attendance`, `morning_attendance_time`, `afternoon_attendance`, `afternoon_attendance_time`, `created_at`, `updated_at`) VALUES
(1, 100001, '2025-05-23', 1, '2025-05-23 03:30:00', 1, '2025-05-22 10:19:18', '2025-05-22 10:12:10', '2025-05-26 05:21:21'),
(2, 100002, '2025-05-23', 1, '2025-05-23 04:32:46', 1, '2025-05-23 13:32:46', '2025-05-23 11:41:53', '2025-05-23 14:08:39'),
(3, 100001, '2025-05-26', 1, '2025-05-26 03:30:00', 1, '2025-05-26 07:30:00', '2025-05-26 05:15:47', '2025-05-26 05:20:01'),
(4, 100002, '2025-05-09', 1, '2025-05-09 03:30:00', 1, '2025-05-09 07:30:00', '2025-05-26 05:34:29', '2025-05-26 05:34:47'),
(5, 100002, '2025-05-08', 1, '2025-05-08 03:30:00', 1, '2025-05-08 07:30:00', '2025-05-26 05:34:54', '2025-05-26 05:42:57'),
(6, 100002, '2025-05-07', 0, NULL, 1, '2025-05-07 03:31:00', '2025-05-26 05:43:02', '2025-05-26 05:43:02'),
(7, 100004, '2025-05-19', 1, '2025-05-19 03:31:00', 1, '2025-05-19 03:31:00', '2025-05-26 07:13:48', '2025-05-26 07:13:48'),
(8, 100001, '2025-06-13', 1, '2025-06-13 03:31:00', 0, NULL, '2025-06-13 08:16:47', '2025-06-13 08:16:47');

-- --------------------------------------------------------

--
-- Table structure for table `student_contact_details`
--

CREATE TABLE `student_contact_details` (
  `id` int(11) NOT NULL,
  `student_id` int(6) UNSIGNED ZEROFILL DEFAULT NULL,
  `street_name` varchar(255) DEFAULT NULL,
  `street_number` varchar(20) DEFAULT NULL,
  `postal_code` varchar(10) DEFAULT NULL,
  `city` varchar(100) DEFAULT NULL,
  `birth_date` date DEFAULT NULL,
  `place_of_birth` varchar(100) DEFAULT NULL,
  `country_of_birth` varchar(100) DEFAULT NULL,
  `phone` varchar(20) DEFAULT NULL,
  `email` varchar(255) DEFAULT NULL,
  `remarks` text DEFAULT NULL
) ENGINE=InnoDB DEFAULT CHARSET=utf8mb4 COLLATE=utf8mb4_general_ci;

--
-- Dumping data for table `student_contact_details`
--

INSERT INTO `student_contact_details` (`id`, `student_id`, `street_name`, `street_number`, `postal_code`, `city`, `birth_date`, `place_of_birth`, `country_of_birth`, `phone`, `email`, `remarks`) VALUES
(1, 100001, 'Shyam Market, maninagar , kadodara', '302', '394327', 'Dist. - Surat', '2025-05-05', 'surat', 'India', '7984810153', 'info@storeindia.live', ''),
(2, 100002, 'Shyam Market, maninagar , kadodara', '302', '394327', 'Dist. - Surat', '2025-05-07', 'surat', 'India', '+1234567890', 'yash@gmail.com', 'sddsf'),
(4, 100004, 'Shyam Market, maninagar , kadodara', '302', '394327', 'Dist. - Surat', '2025-05-07', 'surat', 'India', '7984810153', 'info@storeindia.live', ''),
(5, 100003, 'Shyam Market, maninagar , kadodara', '302', '394327', 'Dist. - Surat', '2025-05-20', 'surat', 'India', '7984810151', 'ja@gmail.com', ''),
(6, 100005, NULL, NULL, NULL, NULL, NULL, NULL, NULL, NULL, NULL, NULL);

-- --------------------------------------------------------

--
-- Table structure for table `student_exam_dates`
--

CREATE TABLE `student_exam_dates` (
  `id` int(11) NOT NULL,
  `student_id` int(6) UNSIGNED ZEROFILL DEFAULT NULL,
  `exam_from` date DEFAULT NULL,
  `exam_to` date DEFAULT NULL,
  `exam_type` varchar(100) DEFAULT NULL,
  `exam_result` varchar(255) DEFAULT NULL,
  `certificate_url` varchar(255) DEFAULT NULL,
  `done_on` date DEFAULT NULL,
  `created_at` timestamp NOT NULL DEFAULT current_timestamp(),
  `updated_at` timestamp NOT NULL DEFAULT current_timestamp() ON UPDATE current_timestamp()
) ENGINE=InnoDB DEFAULT CHARSET=utf8mb4 COLLATE=utf8mb4_general_ci;

--
-- Dumping data for table `student_exam_dates`
--

INSERT INTO `student_exam_dates` (`id`, `student_id`, `exam_from`, `exam_to`, `exam_type`, `exam_result`, `certificate_url`, `done_on`, `created_at`, `updated_at`) VALUES
(1, 100001, '2025-05-04', '2025-05-04', 'Oral IHK expertise according to 34a GewO', '2025-05-01T09:00:00', 'exam-certificate-1749710506576-305333369.pdf', '2025-05-01', '2025-05-06 08:40:55', '2025-06-12 12:22:36'),
(2, 100005, '2025-06-11', '2025-06-12', 'Oral IHK expertise according to 34a GewO', NULL, NULL, NULL, '2025-06-11 07:18:58', '2025-06-11 07:18:58'),
(3, 100003, '2025-06-12', '2025-06-12', 'Oral IHK expertise according to 34a GewO', 'fail', 'exam-certificate-1749731694486-815596350.pdf', '2025-06-12', '2025-06-12 05:13:55', '2025-06-12 12:35:50'),
(4, 100003, '2025-06-12', '2025-06-12', 'Oral IHK expertise according to 34a GewO', 'pass', 'exam-certificate-1749713240716-118435048.pdf', '2025-06-12', '2025-06-12 05:15:41', '2025-06-12 12:35:44');

-- --------------------------------------------------------

--
-- Table structure for table `student_files`
--

CREATE TABLE `student_files` (
  `id` int(11) NOT NULL,
  `student_id` int(6) UNSIGNED ZEROFILL DEFAULT NULL,
  `file_name` varchar(255) NOT NULL,
  `file_path` varchar(255) NOT NULL,
  `file_type` varchar(50) NOT NULL,
  `description` text DEFAULT NULL,
  `uploaded_by` varchar(255) NOT NULL,
  `created_at` timestamp NOT NULL DEFAULT current_timestamp(),
  `deleted_at` timestamp NULL DEFAULT NULL
) ENGINE=InnoDB DEFAULT CHARSET=utf8mb4 COLLATE=utf8mb4_general_ci;

--
-- Dumping data for table `student_files`
--

INSERT INTO `student_files` (`id`, `student_id`, `file_name`, `file_path`, `file_type`, `description`, `uploaded_by`, `created_at`, `deleted_at`) VALUES
(1, 100002, 'DrLabike App Bugs - Google Docs.pdf', 'student-files/1750074173220-708699144.pdf', '.pdf', 's', '1', '2025-06-16 11:42:53', '2025-06-16 11:47:08'),
(2, 100002, 'DrLabike App Bugs - Google Docs.pdf', 'student-files/1750074459377-465766291.pdf', '.pdf', 'fgdghdhfghfghfghfghfg', '1', '2025-06-16 11:47:39', '2025-06-16 11:51:01'),
(3, 100002, 'DrLabike App Bugs - Google Docs.pdf', 'student-files/1750074652663-119565549.pdf', '.pdf', 'fgdghdhfghfghfghfghfg', '1', '2025-06-16 11:50:52', '2025-06-16 11:50:59'),
(4, 100002, 'DrLabike App Bugs - Google Docs.pdf', 'student-files/1750074671847-589516753.pdf', '.pdf', 'fgdghdhfghfghfghfghfg', '1', '2025-06-16 11:51:11', NULL),
(5, 100002, 'DrLabike App Bugs - Google Docs.pdf', 'student-files/1750074994992-10698276.pdf', '.pdf', 'fgdghdhfghfghfghfghfg', '1', '2025-06-16 11:56:35', NULL);

-- --------------------------------------------------------

--
-- Table structure for table `student_invoices`
--

CREATE TABLE `student_invoices` (
  `id` int(11) NOT NULL,
  `student_id` int(6) DEFAULT NULL,
  `invoice_number` varchar(50) DEFAULT NULL,
  `invoice_date` date DEFAULT NULL,
  `amount` decimal(10,2) DEFAULT NULL,
  `invoice_type` varchar(20) DEFAULT NULL,
  `reminder_sent` tinyint(1) DEFAULT 0,
  `reminder_auto_dispatch` tinyint(1) DEFAULT 0,
  `paid` tinyint(1) DEFAULT 0,
  `paid_date` date DEFAULT NULL,
  `pdf_url` varchar(255) DEFAULT NULL,
  `xml_url` varchar(255) DEFAULT NULL,
  `created_at` timestamp NOT NULL DEFAULT current_timestamp(),
  `updated_at` timestamp NOT NULL DEFAULT current_timestamp() ON UPDATE current_timestamp()
) ENGINE=InnoDB DEFAULT CHARSET=utf8mb4 COLLATE=utf8mb4_general_ci;

--
-- Dumping data for table `student_invoices`
--

INSERT INTO `student_invoices` (`id`, `student_id`, `invoice_number`, `invoice_date`, `amount`, `invoice_type`, `reminder_sent`, `reminder_auto_dispatch`, `paid`, `paid_date`, `pdf_url`, `xml_url`, `created_at`, `updated_at`) VALUES
(1, 100004, '291/2025', '2025-06-03', 100.00, '1/6', 0, 0, 0, NULL, '/uploads/bad/Rechnung_orrektur_1748937244.pdf', NULL, '2025-06-03 07:54:04', '2025-06-03 07:54:04'),
(2, 100004, '291/2025', '2025-06-03', 100.00, '1/6', 0, 0, 0, NULL, '/uploads/bad/Rechnung_orrektur_1748937362.pdf', NULL, '2025-06-03 07:56:02', '2025-06-03 07:56:02'),
(3, 100004, '291/2025', '2025-06-09', 100.00, '2/4', 0, 0, 0, NULL, NULL, NULL, '2025-06-09 11:59:16', '2025-06-09 11:59:16'),
(4, 100004, '291/2025', '2025-06-08', 100.00, '1/4', 0, 0, 0, NULL, '/uploads/bad/Rechnung_orrektur_1749471088.pdf', '/uploads/bad/BAD_291/2025_1749471088319.xml', '2025-06-09 12:11:28', '2025-06-09 12:11:28'),
(5, 100003, '291/2025', '2025-06-10', 65464.00, '1/1', 0, 0, 1, '2025-06-10', '/uploads/bad/Rechnung_orrektur_1749534010.pdf', '/uploads/bad/BAD_291/2025_1749534010737.xml', '2025-06-10 05:40:10', '2025-06-10 05:40:10'),
(6, 100002, '291/2025', '2025-06-10', 123321.00, '1/1', 0, 0, 1, '2025-06-10', '/uploads/bad/Rechnung_orrektur_1749540722.pdf', '/uploads/bad/BAD_291/2025_1749540722824.xml', '2025-06-10 07:32:02', '2025-06-10 07:32:02');

-- --------------------------------------------------------

--
-- Table structure for table `student_reports`
--

CREATE TABLE `student_reports` (
  `id` int(11) NOT NULL,
  `student_id` int(6) UNSIGNED ZEROFILL DEFAULT NULL,
  `report_type` enum('discharge','termination') NOT NULL,
  `first_day_attendance` date NOT NULL,
  `last_day_attendance` date NOT NULL,
  `early_exam_success` tinyint(1) DEFAULT 0,
  `exam_not_passed` tinyint(1) DEFAULT 0,
  `employment_date` date DEFAULT NULL,
  `is_employment` tinyint(1) DEFAULT 0,
  `insufficient_performance` tinyint(1) DEFAULT 0,
  `longer_periods_absence` tinyint(1) DEFAULT 0,
  `other_reasons` tinyint(1) DEFAULT 0,
  `reasons` text DEFAULT NULL,
  `created_at` timestamp NOT NULL DEFAULT current_timestamp(),
  `pdf_url` varchar(255) DEFAULT NULL COMMENT 'URL path to the generated PDF file',
  `authority_email` varchar(255) DEFAULT NULL
) ENGINE=InnoDB DEFAULT CHARSET=utf8mb4 COLLATE=utf8mb4_general_ci;

--
-- Dumping data for table `student_reports`
--

INSERT INTO `student_reports` (`id`, `student_id`, `report_type`, `first_day_attendance`, `last_day_attendance`, `early_exam_success`, `exam_not_passed`, `employment_date`, `is_employment`, `insufficient_performance`, `longer_periods_absence`, `other_reasons`, `reasons`, `created_at`, `pdf_url`, `authority_email`) VALUES
(5, 100004, 'discharge', '2025-05-20', '2025-05-20', 1, 1, NULL, 0, 0, 0, 0, NULL, '2025-05-20 09:07:24', 'http://192.168.31.110:3000/uploads/discharge-report/discharge-report_1747732044.pdf', 'info@gmail.live');

-- --------------------------------------------------------

--
-- Table structure for table `student_result_sheet`
--

CREATE TABLE `student_result_sheet` (
  `id` int(11) NOT NULL,
  `student_id` int(6) UNSIGNED ZEROFILL DEFAULT NULL,
  `skills` longtext CHARACTER SET utf8mb4 COLLATE utf8mb4_bin DEFAULT NULL CHECK (json_valid(`skills`)),
  `it_skills` longtext CHARACTER SET utf8mb4 COLLATE utf8mb4_bin DEFAULT NULL,
  `language_skills` longtext CHARACTER SET utf8mb4 COLLATE utf8mb4_bin DEFAULT NULL,
  `mobility` longtext CHARACTER SET utf8mb4 COLLATE utf8mb4_bin DEFAULT NULL CHECK (json_valid(`mobility`)),
  `internships` longtext CHARACTER SET utf8mb4 COLLATE utf8mb4_bin DEFAULT NULL CHECK (json_valid(`internships`)),
  `applications` longtext CHARACTER SET utf8mb4 COLLATE utf8mb4_bin DEFAULT NULL CHECK (json_valid(`applications`)),
  `future_application` text DEFAULT NULL,
  `alternatives` text DEFAULT NULL,
  `other_comments` text DEFAULT NULL,
  `pdf_url` varchar(255) DEFAULT NULL,
  `signature` longtext NOT NULL,
  `date_of_participation` timestamp NOT NULL DEFAULT current_timestamp() ON UPDATE current_timestamp(),
  `reference_no` varchar(30) NOT NULL,
  `created_at` timestamp NOT NULL DEFAULT current_timestamp(),
  `updated_at` timestamp NOT NULL DEFAULT current_timestamp() ON UPDATE current_timestamp()
) ENGINE=InnoDB DEFAULT CHARSET=utf8mb4 COLLATE=utf8mb4_general_ci;

--
-- Dumping data for table `student_result_sheet`
--

INSERT INTO `student_result_sheet` (`id`, `student_id`, `skills`, `it_skills`, `language_skills`, `mobility`, `internships`, `applications`, `future_application`, `alternatives`, `other_comments`, `pdf_url`, `signature`, `date_of_participation`, `reference_no`, `created_at`, `updated_at`) VALUES
(3, 100001, '[{\"id\":0,\"label\":\"Fertigkeiten\",\"value\":\"Grund-Kenntnisse\"},{\"id\":0,\"label\":\"Fertigkeiten\",\"value\":\"Grund-Kenntnisse\"}]', '[{\"id\":0,\"label\":\"Fertigkeiten\",\"value\":\"Grund-Kenntnisse\"},{\"id\":0,\"label\":\"Fertigkeiten\",\"value\":\"Grund-Kenntnisse\"}]', '[{\"id\":0,\"language\":\"Fertigkeiten\",\"level\":\"Erweiterte-Kenntnisse\"},{\"id\":0,\"language\":\"Fertigkeiten\",\"level\":\"Erweiterte-Kenntnisse\"}]', '{\"id\":0,\"willing_to_be_mobile\":\"international\",\"maximum_commuting_time\":\"6565\",\"regional_wishes\":\"gfdfg\"}', '[{\"id\":0,\"from\":\"2025-05-29\",\"to\":\"2025-05-30\",\"activity_as\":\"fdsfs\",\"at\":\"dfs\"}]', '[{\"id\":0,\"application_to\":\"fdsf\",\"to\":\"dsfsd\",\"status\":\"Absage\"}]', 'dfsdf', 'dfsdf', 'fdsf', '/uploads/ergebnisbogen-bewerberprofil_1746613790.pdf', 'data:image/png;base64,iVBORw0KGgoAAAANSUhEUgAAAMgAAABkCAYAAADDhn8LAAAAAXNSR0IArs4c6QAABcJJREFUeF7tnc2xFjcQRZss2EEIEIFhxdJkYMjARGDIgAzAYXhlOwITAjvCAFTloaaEZr7RndFI39zzqt7qTUvq033VkubnPQh+IACBRQIPYAMBCCwTQCBkBwRWCCAQ0gMCCIQcgIBGgAqiccPKhAACMQk0bmoEEIjGDSsTAgjEJNC4qRFAIBo3rEwIIBCTQOOmRgCBaNywMiGAQEwCjZsaAQSiccPKhAACMQk0bmoEEIjGDSsTAgjEJNC4qRFAIBo3rEwIIBCTQOOmRgCBaNywMiGAQEwCjZsaAQSiccPKhAACMQk0bmoEEIjGDSsTAgjEJNC4qRFAIBo3rEwIIBCTQOOmRgCBaNywMiGAQEwCjZsaAQSiccPKhAACMQk0bmoEEIjGDSsTAgjEJNC4qRFAIBo3rEwIIBCTQOOmRgCBaNywMiGAQEwCjZsaAQSiccPKhAACMQk0bmoEEIjGDSsTAgjEJNC4qRFAIBo3rEwIIBCTQOOmRgCBaNywMiGAQEwCjZsaAQSiccPKhAACMQk0bmoEEIjGDSsTAgjEJNC4qRFAIBo3rEwIIBCTQOOmRgCBaNywMiGAQEwCjZsaAQSiccPKhAACMQk0bmoEEIjGDSsTAqMK5PeIeBkRn7//vjKJBW4OSGBEgfwTEb/MWL2JiPcDsmNIBgRGE8jbiPgj4/4pIp4axAIXByQwmkD+johnBU6jjXPAUDKkFgRGSrxS9Zh8HmmcLeIw9/3Pg/ZdaaJJv6ltfkQCIyWeq0BSEqfKOf/ZE5ej2xNT6xpmewJxNIGvCw2mTfvzozsbqL18WfnvwjJzy5CXJpnEL3Hkp5LAKAJZqx7vLrxMKPmt+utagStTvu7y3gJJ9zt+jYjH//+WRt97jHVEt19dWgop+4/UzocFfqlqJMFRPbbH5bC1rtjlj1OqdJxbOrGat6skjDqus+1KS8raycC18p4Wq9qAbB3YtOm8JYC19tSlxtYx9rzuY0T8lg2g1l/EcUIEWwiktHSodaU2WWrb73n9Ep+aWJQENvnEhvzA6NYEpabbpROpLW1ceVmV/N+7MV+qHFc/7duSO4df00ogWwdamk2vXD2WkrsmDqXJ58rMtuZSk+tqAtNiAKWE6T2mFn5Obe5N7r3Vp6Vvl2y7dzLmT+5eeSbcWz0QRwcJ9hZIPqNeef+xp3occerVIb3uv8ueAnF6ZmjPyRWVo6POegokD/yVT2HUJOf9mI7iSF33FEi+5Ljy/kNZXvHgYWdx9BSI0+nV0k29tckJcQwgjp4CyR/xvnL1qFlepb3K0jNqV2Y0iBx+HkaPJVZpw3rVxyNKvpb2WmtP5KaoIY5OEuohEKfNeX6fJ4V5PhmsVYwpJRBHJ3H0WmI5b87TfZ60J9nyqD/vcnQUxtT12RXEqXp8iYiHQozTx/Je85KTQK6BydkCcakeS58vWgshFaNBgu9t8kyB5NWj19p6WvenjyOkpDzydVTlXRiEsTeLG9qfKZARqkdp03ykUEuVI+07HmUxbCHOhmni2/RZAhmhetya3VPSpnEqFWXPs1a+2XcHnp8lkBGqxy2BzMNVU1W4630Hia4O8QyBjFA9Ep8agWy5Obd2D+OqNz7VPLtbuzMEMkL1mAKknC7l35W6dQ8DcdytHM5/1CSftWuWLi0wl6rIXxHx4oDOOI06AOJoTbSuIKMsr+bc84o2zfhprOkf99R+ywthjJbVB46ntUDyJU3r/ragyQWS/wertQ+yzdtHGFto3/k1rRN2RIH8FxFPZnFbepNx6W2+JCjlKPjOU8Vz+GcKZJRXap2eB/PM6gO9bi2QPBlb97cFjdPHIrbw4JoVAq0TdrRTrKXjXo5mkUmRQGuBpE7zfcgIyTiqcEnTwQicIZARv7/LPmSwRBx1OGcIJPneWyTTvY10F7z036x638AcNT/sx3WWQCaRlB7TODo552KY+r0V6KPHcKs//n4nBL4BLFncZU6uwqkAAAAASUVORK5CYII=', '2025-05-29 18:30:00', '8455456', '2025-05-07 06:38:23', '2025-05-28 05:35:16');

-- --------------------------------------------------------

--
-- Table structure for table `student_settings`
--

CREATE TABLE `student_settings` (
  `id` int(11) NOT NULL,
  `student_id` int(6) UNSIGNED ZEROFILL DEFAULT NULL,
  `permission_to_sign_retroactively` tinyint(1) DEFAULT NULL,
  `receive_teaching_materials` tinyint(1) DEFAULT NULL,
  `face_to_face_instruction` tinyint(1) DEFAULT NULL,
  `online_instruction` tinyint(1) DEFAULT NULL,
  `surveyed_after_6_months` tinyint(1) DEFAULT NULL,
  `mediated` tinyint(1) DEFAULT NULL
) ENGINE=InnoDB DEFAULT CHARSET=utf8mb4 COLLATE=utf8mb4_general_ci;

--
-- Dumping data for table `student_settings`
--

INSERT INTO `student_settings` (`id`, `student_id`, `permission_to_sign_retroactively`, `receive_teaching_materials`, `face_to_face_instruction`, `online_instruction`, `surveyed_after_6_months`, `mediated`) VALUES
(1, 100001, 0, 0, 0, 0, 0, 0),
(2, 100002, 1, 1, 1, 0, 0, 0),
(3, 100003, 0, 1, 1, 0, 0, 0),
(4, 100004, 1, 1, 0, 0, 0, 0),
(5, 100005, 0, 0, 0, 0, 0, 0);

-- --------------------------------------------------------

--
-- Table structure for table `student_sick_leave`
--

CREATE TABLE `student_sick_leave` (
  `id` int(11) NOT NULL,
  `student_id` int(6) UNSIGNED ZEROFILL DEFAULT NULL,
  `date_from` date NOT NULL,
  `date_until` date NOT NULL,
  `status` enum('E','UE','K','S') NOT NULL COMMENT 'E: entschuldigt (excused), UE: unentschuldigt (unexcused), K: Krankheit (sick), S: Sonstiges (other)',
  `description` text DEFAULT NULL,
  `created_at` timestamp NOT NULL DEFAULT current_timestamp(),
  `updated_at` timestamp NOT NULL DEFAULT current_timestamp() ON UPDATE current_timestamp()
) ENGINE=InnoDB DEFAULT CHARSET=utf8mb4 COLLATE=utf8mb4_general_ci;

--
-- Dumping data for table `student_sick_leave`
--

INSERT INTO `student_sick_leave` (`id`, `student_id`, `date_from`, `date_until`, `status`, `description`, `created_at`, `updated_at`) VALUES
(1, 100001, '2025-05-07', '2025-05-07', 'E', 'I am writing to bring to your kind attention the issue of [clearly state the issue you are facing] in our constituency, particularly in [mention the specific location or area if applicable]', '2025-05-06 08:41:24', '2025-05-06 08:41:42'),
(2, 100001, '2025-05-22', '2025-05-23', 'E', 'I am writing to bring to your kind attention the issue of [clearly state the issue you are facing] in our constituency, particularly in [mention the specific location or area if applicable]', '2025-05-22 10:29:16', '2025-05-22 11:33:38'),
(3, 100002, '2025-05-22', '2025-05-23', 'E', 'I am writing to bring to your kind attention the issue of [clearly state the issue you are facing] in our constituency, particularly in [mention the specific location or area if applicable]', '2025-05-22 11:33:54', '2025-05-22 11:39:25'),
(4, 100003, '2025-05-22', '2025-05-23', 'E', 'df', '2025-05-26 07:35:09', '2025-05-26 07:35:59');

-- --------------------------------------------------------

--
-- Table structure for table `success_placement_statistics`
--

CREATE TABLE `success_placement_statistics` (
  `id` int(11) NOT NULL,
  `year` int(11) NOT NULL,
  `measures_id` int(11) NOT NULL,
  `pdf_url` varchar(255) NOT NULL,
  `description` text DEFAULT NULL,
  `created_at` timestamp NOT NULL DEFAULT current_timestamp()
) ENGINE=InnoDB DEFAULT CHARSET=utf8mb4 COLLATE=utf8mb4_general_ci;

--
-- Dumping data for table `success_placement_statistics`
--

INSERT INTO `success_placement_statistics` (`id`, `year`, `measures_id`, `pdf_url`, `description`, `created_at`) VALUES
(1, 2024, 4, '/uploads/erfolgsstatistik_1749638043.pdf', 'Success and Placement Statistics for First Measurement (2024)', '2025-06-11 10:34:04'),
(2, 2024, 4, 'http://192.168.31.110:3000/uploads/erfolgsstatistik_1749638060.pdf', 'Success and Placement Statistics for First Measurement (2024)', '2025-06-11 10:34:21'),
(3, 2024, 4, 'http://192.168.31.110:3000/uploads/erfolgsstatistik_1749640634.pdf', 'Success and Placement Statistics for First Measurement (2024)', '2025-06-11 11:17:19'),
(4, 2024, 4, 'http://192.168.31.110:3000/uploads/erfolgsstatistik_1749640752.pdf', 'Success and Placement Statistics for First Measurement (2024)', '2025-06-11 11:19:14'),
(5, 2024, 4, 'http://192.168.31.110:3000/uploads/erfolgsstatistik_1749641107.pdf', 'Success and Placement Statistics for First Measurement (2024)', '2025-06-11 11:25:12'),
(6, 2024, 4, 'http://192.168.31.110:3000/uploads/erfolgsstatistik_1749641145.pdf', 'Success and Placement Statistics for First Measurement (2024)', '2025-06-11 11:25:52'),
(7, 2024, 4, 'http://192.168.31.110:3000/uploads/erfolgsstatistik_1749641170.pdf', 'Success and Placement Statistics for First Measurement (2024)', '2025-06-11 11:26:11'),
(8, 2024, 4, 'http://192.168.31.110:3000/uploads/erfolgsstatistik_1749641201.pdf', 'Success and Placement Statistics for First Measurement (2024)', '2025-06-11 11:26:46'),
(9, 2024, 2, 'http://192.168.31.110:3000/uploads/erfolgsstatistik_1749641408.pdf', 'Success and Placement Statistics for Partial qualification as a specialist in protection and security online: Protecting people and objects (TQ1) online (2024)', '2025-06-11 11:30:13'),
(11, 2025, 2, 'http://192.168.31.110:3000/uploads/erfolgsstatistik_1749642228.pdf', 'Success and Placement Statistics for Partial qualification as a specialist in protection and security online: Protecting people and objects (TQ1) online (2025)', '2025-06-11 11:43:50'),
(13, 2025, 5, 'http://192.168.31.110:3000/uploads/erfolgsstatistik_1749643381.pdf', 'Success and Placement Statistics for First Measurement (2025)', '2025-06-11 12:03:08');

-- --------------------------------------------------------

--
-- Table structure for table `trainings`
--

CREATE TABLE `trainings` (
  `id` int(11) NOT NULL,
  `user_id` int(6) UNSIGNED ZEROFILL NOT NULL,
  `topic` varchar(255) NOT NULL,
  `quarter` enum('Q1','Q2','Q3','Q4') NOT NULL,
  `year` year(4) NOT NULL,
  `actual_date` date NOT NULL,
  `participation` varchar(255) DEFAULT NULL,
  `reason_non_participation` text DEFAULT NULL,
  `effectiveness` text DEFAULT NULL,
  `feedback_assessment` text DEFAULT NULL,
  `created_at` timestamp NOT NULL DEFAULT current_timestamp(),
  `updated_at` timestamp NOT NULL DEFAULT current_timestamp() ON UPDATE current_timestamp()
) ENGINE=InnoDB DEFAULT CHARSET=utf8mb4 COLLATE=utf8mb4_general_ci;

--
-- Dumping data for table `trainings`
--

INSERT INTO `trainings` (`id`, `user_id`, `topic`, `quarter`, `year`, `actual_date`, `participation`, `reason_non_participation`, `effectiveness`, `feedback_assessment`, `created_at`, `updated_at`) VALUES
(2, 000002, 'Leadership Training', 'Q1', '2025', '2025-05-19', 'Completed', 'Completed 1', 'Completed 2', 'Completed 3', '2025-05-19 09:42:53', '2025-05-19 09:49:17'),
(4, 000003, 'Leadership Training', 'Q1', '2025', '2025-05-19', 'yes', 'Completed', 'Completed', 'Completed', '2025-05-19 13:29:49', '2025-05-19 13:29:49'),
(5, 000007, 'Leadership Training', 'Q1', '2025', '2025-05-22', 'yes', 'Completed', 'Completed', 'Completed', '2025-05-22 12:45:48', '2025-05-22 12:45:48'),
(6, 000005, 'Leadership Training', 'Q1', '2025', '2025-05-23', 'yes', 'Completed', 'Completed', 'Completed', '2025-05-22 12:46:13', '2025-05-22 12:46:13');

-- --------------------------------------------------------

--
-- Table structure for table `training_reports`
--

CREATE TABLE `training_reports` (
  `id` int(11) NOT NULL,
  `nr` int(11) NOT NULL,
  `title` varchar(255) NOT NULL,
  `description` text NOT NULL,
  `ue` varchar(255) NOT NULL,
  `signature` longtext NOT NULL,
  `lecturer_id` int(11) NOT NULL,
  `created_at` timestamp NOT NULL DEFAULT current_timestamp(),
  `updated_at` timestamp NOT NULL DEFAULT current_timestamp() ON UPDATE current_timestamp()
) ENGINE=InnoDB DEFAULT CHARSET=utf8mb4 COLLATE=utf8mb4_general_ci;

--
-- Dumping data for table `training_reports`
--

INSERT INTO `training_reports` (`id`, `nr`, `title`, `description`, `ue`, `signature`, `lecturer_id`, `created_at`, `updated_at`) VALUES
(4, 1, 'Training Session 1', 'Introduction to Node.js', 'Web Development', 'data:image/png;base64,iVBORw0KGgoAAAANSUhEUgAAASwAAAB4CAYAAABIFc8gAAAAAXNSR0IArs4c6QAACs9JREFUeF7tnc+15TQMh0UBHGbJjqGDoQKgAkoYSoAKgAooAaYEKhioAEoYduxgwR6emGuOMU5iJ/4n5bvnwOMdcm3pk/J7kuMk7wgfCEAAAkYIvGPETsyEAAQgIAgWSQABCJghgGCZCRWGQgACCBY5AAEImCGAYJkJFYZCAAIIFjkAAQiYIYBgmQkVhkIAAggWOQABCJghgGCZCRWGQgACCBY5AAEImCGAYJkJFYZCAAIIFjkAAQiYIYBgmQkVhkIAAggWOQABCJghgGCZCRWGQgACCBY5UELgRxH5WEReicjnJV/gGAj0IIBg9aDqb8y/IpfIGX/xNeMRyWcmVNMM/VpEvkKwpvFnYpKPHKgg8FpEPiFnKohxaDcCVFjd0LoYWIVKBSv+kDMuQmvTCZLPZtxGWR3awTci8vyp0tLF909HTc48EEgJIFjkxB6B0A4iWOTJEgQQrCXCsKwR8dVBNfKbp39p1cUHAlMIIFhTsJuYNLSDuvfq5cNiBMtE6PwaiWD5je1Vz0I7+NNj06iOp+tXuo7FBwJTCCBYU7AvP2m4OqjipIIV9mGRL8uHzreBJKDv+J71LlRX2gKyafQsRb7XnACC1Ryp+QHjne0Ilvlw+nIAwfIVzxbefP9YZFex0r1XLLi3oMoYTQggWE0wuhkkrq40N+JtDVwhdBNmu44gWHZj18PyIFAqTvqJ16+4QtiDOGNWEUCwqnC5PjitruLfuSXHdejtOIdg2YlVb0vj6krFinawN3HGryaAYFUjc/mFUE2FSip9BhbrVy7Dbs8pBMtezFpbnG5j0N95aF9ryozXhACC1QSj6UHSVlCdoR00HVK/xiNYfmNb4lm60K7fSasrrg6WkOSYIQQQrCGYl5wk1wrmBIscWTJ89zSKZLxn3OO2L11Qpx28b04s7zmCtXyIuhiYawVpB7ugZtCWBBCsljRtjLXVCtIO2ojfra1EsO4X/txVwUCBdvB++WDKYwTLVLguG7vVClJdXUbLACMIIFgjKK8xx14rmAoWO9vXiBlWJAQQrPukxO8i8mznzTe0g/fJBbOeIlhmQ1dl+F4rSDtYhZKDZxJAsGbSHzP3USuoVlBdjYkFs1wkgGBdBGjg60GMtp5pxY3OBoKIiW8JIFi+MyEWo617AksqMN+U8M4MAQTLTKiqDS0VorgdJB+qMfOFkQRI0JG0x85VIkSlojbWcmaDwAYBBMtnapQKUYmo+SSEVyYJIFgmw7ZrdOnLI8Lr6HUwNor6ywOXHiFYvsIai5B6tvfwvZIFeV908MY8AQQrH0I98fUT3ssXftetAT+JiP7Uf1b7vH6yK9h6VDXt3QS9ml/YA4F/CCBYbxMhnOT68+Po9700ORKE0SlWum6ldtUcO9oP5oPAJgEE6//PMK9NlxWeeV67+TMcv5ro1rLn+JsRQLBE4jYqhD+0e9r+fSYiLw7yYrZo1d5aQzt4sxPdi7sI1tsKKxWqdH0qHBPWtHLxn8WyVqyorrycvTf0Y9ZJZhl12n4FX34RkY8GO/a9iLx8zFna3oWKcnZVOBgV03kggGCdj+KWcJUKx/mZ337z7PsDtXp8b4K4XvWX70OAq4QXc2CWaJ0VK9rBiwHn63MJUGG14R+3ZvGIPaqtVKxq5tD1rq3HzLQhwSgQ6EgAwWoHV4Ukt4erRlCOrEl3suvxpTGkujqiy/9fnkBpsi/vyEIG5trEVqKVbsGoGTfYNSLmKqzxFdVfReTzhWIUTFE7V7xjYUFUa5g0InnX8HSsFblK6OpVxFSsalq7UdVVzu9AvsbeEdEK20GuxmWErczxIIBg9U2FtNo6e9LmNrfWbEvoLVg5oQqVS7jtSUmf9b91lM5etEjtCJWk/qypdlv7c5vxEKz+ob4qWjmxqj05QjXRMt56koZ1u5iiipLaFwTrykWCXtGJN9vqHDXir8fHQrVqBdmL3dRxWybwVEcWn/zMSbvVXtWKVcvqKneiBvRBpHJrQqXP6BoRxh5/QNTu2riM8NXdHAjWuJDWnLStxEq9u1pd7YlUzeN24kqxtqJpGaW0uiptU/fW5xCrlhHaGQvBGgT6MU3J86pa7um6Ul1tCVWooOK2r4RifMKXikTJuDXHnLmCuyfYZ9rJGns5NiGAYI1NifSEeRVd7j9qt+KbtEutPlNd7QlVrUjFdq4gWL+LyLMn5m9E5PnDOP3vDxOgaut30TFbvGdWiqU54Oo4BGt8ONOWZM+CK5VIbXW1tZB8RaRS345e6tozGvEfi99E5P1oMvVRN/2GT3xlM2fTlbj09NH92AjW+BAftRjBorj6OmNljWDl9ni1FKpgf5hn9Akfi5X69cfTDeDfnoF64oriyWn4Wo4AgjUvL3St6oPM45j3rraVWlsqVrn1sp5tTiyMI3MvrmqDf7WVbg8BL40nxz0IjEwaoG8TiF9y0YLTkWDlLu3r01XPrJPV2DvjSmFaXcU+5hbh1Z9wYeEHEdGd8Ny+UxPljsciWB3hTho6nIS5tivXjgahGnFSxgLRs5KL0Zc8kVW5xPcVjmAxKT1sT4tg2Y5fzvqt6mrUOtUe0Zq9aC0is1ddtRifMQYTQLAGA+88Xdg6EFdXuQ2PszY6xrbkthO0xJP6Pcvnlj7dfiwEy1cKhIoitFu5taqZi8epiPRsC0s26fqK/g28QbB8BTl+XvvVe+Z6kRmx8H7m3s1e/jJuQwIIVkOYk4eK167UlPgBeiu1QyPWseKF9tF7viange/pESw/8Q3Pa9erfquKldJO28LWOUh15Sen/+dJ62RxjGpp18JJqmIV32KyUmUVA8xt5GwFuGQbQ6u5GGcwAQRrMPAO02099qTngvZVN3qtY1FdXY3M4t9HsBYPUIF5o2+vKTDp8JBYsFqtMbGN4RC7/QMQLNsx/CJzE+/KlVWg3eNRM2l1RW7bzu2s9QTVblBz98FZEKtAPF5rupqHtIJ287jK8quJUjUZBzcjcObJmc0mbzRQy3Ws9MkL5HWjIK02DIFdLSLH9qx0q82xtdtHtNqJnq7hrXpl9AorvvsggGDZS4UrL1RdydsW9xWmlaZu6zh6WuhKDLClkgCCVQls8uHW161SfD+LyIuTfzxzLMjnyQnae3oC3Jtwu/G9tIIxkSvrWFdfhtouMow0jACCNQz15YnSE9RD+xOLcM3aU8qi5ruXA8EA8wggWPPY18zstf05sx8rbiOVIWJVk0nGj0Ww1g+ghy0Me5Rr9mOlLK6+WWj96GPhfwggWOsnRHrZ3kMreGYdK13Da3VLz/oZgIX/EkCw1k+GuAL5U0TeXd/kKgtLHzeTbuegFazC7ONgBGvtON7llpOjm6HvwmHtbFzAOgRrgSDsmHCXG3q32r2tt2Rbumdy7QwzZh2CtXbA7vQwuq2XmqYRohVcO2e7WodgdcV7efCaK2iXJ1tggCPRQqwWCNJMExCsmfSP59YT+DMR+fJGr0vPiZZeEZz5erLjSHHEEAII1hDMTHKCQHwTM6+OPwHQ41cQLI9RxScIOCWAYDkNLG5BwCMBBMtjVPEJAk4JIFhOA4tbEPBIAMHyGFV8goBTAgiW08DiFgQ8EkCwPEYVnyDglACC5TSwuAUBjwQQLI9RxScIOCWAYDkNLG5BwCMBBMtjVPEJAk4JIFhOA4tbEPBIAMHyGFV8goBTAgiW08DiFgQ8EkCwPEYVnyDglMDfF/vziIzjSYIAAAAASUVORK5CYII=', 112201, '2025-06-02 11:12:05', '2025-06-02 11:57:08'),
(6, 2, 'dgdfh', 's', 'fdf', 'data:image/png;base64,iVBORw0KGgoAAAANSUhEUgAAASwAAAB4CAYAAABIFc8gAAAAAXNSR0IArs4c6QAABw1JREFUeF7t3c2x3EQUhuH2jgVVeMkOyIAMDJGYDAgByIAFAdghOAJwBJABhOAMwKeYrmrE3Dt/Gkmf5tHGnns16jPvd+atbo2u5kWzIYAAAiEEXoTUqUwEEECgEZYmQACBGAKEFROVQhFAgLD0AAIIxBAgrJioFIoAAoSlBxBAIIYAYcVEpVAEECAsPYAAAjEECCsmKoUigABh6QEEEIghQFgxUSkUAQQISw8ggEAMAcKKiUqhCCBAWHoAAQRiCBBWTFQKRQABwtIDCCAQQ4CwYqJSKAIIEJYeQACBGAKEFROVQhFAgLD0AAIIxBAgrJioFIoAAoSlBxBAIIYAYcVEpVAEECAsPYAAAjEECCsmKoUigABh6QEEEIghQFgxUSkUAQQISw8ggEAMAcKKiUqhCCBAWHoAAQRiCBBWTFQKRQABwtIDCCAQQ4CwYqJSKAIIEJYeQACBGAKEFROVQhFAgLD0AAIIxBAgrJioFIoAAoSlBxBAIIYAYcVEpVAEECAsPYAAAjEECCsmKoUigMCehfVNa+2HIeJ63LffWmv1uP6t7f3wux+1BQIIbJPAHoVVwnl1ENK11EtkJTHyupag5yFwBwJ7E1YJZpxVzYHsJ+KaA6NjIHA7gT0J6x6yGgkT1+395ggI3ERgL8J6SlbTc1Rfttb+GojV0rFv4zmu56AS100t58kIXE9gL8IqMY3yKSLfDifVLyHUz1udOg/mPNclVO2LwAwE9iKs31trXw88rpXVMaTnCKxmXbU5ST9DUzoEAk8R2Iuwajn36/AiTy3bnlv+9WXkuFQcf/ZLa+3T1trrJ6C+ba29ObHUrNlbv5Silqn1uC9Vz1ma1hi1P0F6bz8Ugb0Iq0IrYY1v9lFa4zVZ5wghqQn67K6kOpVt0utQKwInCexJWPVi/z75ive9QwmrlsM2BHZJYG/C6jOpU0u+Wo5NPzE8FnBfutW+X5zZAbXvJ621z8/cf+7d9pbp3HwcL5jAXpu7zu3UOaaSR20186il05JLpn5+abyQ9Y/W2rvJuaf+J0LHJPvd4VxV/1Oi3mofWms/H5bA0z85WvI1Bre+0hMJ7FVYW8ri2DVipz4U2FL9akFgMwQIa7koiGs51kbaKQHCWj7YEtf3H5d0L4ehzbiWz8GIgQQIa73QzLjWY2/kUAKEtX5wU3GZba2fiQo2SoCwthFMfdI3veEgcW0jG1VsiABhbSiMw+UO42UQpLWtfFSzMgHCWjmAI8NbIm4vExVthABhbSSISRnTK/bNtLaZk6oWJpAirPELIxZGtOpwfw5X65PWqlEYfAsEEoTVl0iP+Ie905nWnPf52kL/qQGBiwgkCGu8bUxCvRcFcMbO472+HlHaZyCyy6MQSBBA/yPiR77f03gi3izrUd6dXuf/CCQIS2z/XqPV76hqlqUjHpYAYeVEPy6NzbJyclPpjAQIa0aYdz7UOMuq+7l/defxHB6BzREgrM1F8mxB4y2gzbKyslPtDAQIawaICx5iPPnuXNaC4A21DQKEtY0cLqnCLOsSWvbdFQHCyotzPPlulpWXn4pvIEBYN8Bb6anTL42V4UpBGHZ5App9eea3jkhYtxL0/FgChJUX3VRYPi3My1DFVxIgrCvBrfi06f2yZLhiGIZeloBmX5b3HKONnxK+/fhFq/VlqzYEHoIAYeXFPH5KWNW7T1Zehiq+kgBhXQluxae9aa29noxflze8//izfmeLFctbZeg6r1db3Q+//k/iq8Rw/0EJ6/6M7zHCse80rHG6uOrf/via8bsAxmP0n/Vjj/uMY0x/3x9fU8dzz+nfNPTqIKnpvnp7buIbOJ5QNxDClSU8Ja3p4UoYlfNnrbUPh5nYuE+94fv2lISuLPE/T6s6npPe+PupbC+tywW1cyS2wWMQ1gZDubCkc8V14WFjd6/l4CPf7DE2uHMKJ6xzKG1/n2NfxDpX1fXmf9laezfDAc9ZTh6bTU1nX+MysB+zi2qGMh1iqwQIa6vJXF9Xl1cdYfxS1nOO2N/8dQI/YZbyqN+mdE6Wu9yHsHYZ69EXNYrs2Hmu6XmjxyHjlcYQIKyYqBSKAAKEpQcQQCCGAGHFRKVQBBAgLD2AAAIxBAgrJiqFIoAAYekBBBCIIUBYMVEpFAEECEsPIIBADAHCiolKoQggQFh6AAEEYggQVkxUCkUAAcLSAwggEEOAsGKiUigCCBCWHkAAgRgChBUTlUIRQICw9AACCMQQIKyYqBSKAAKEpQcQQCCGAGHFRKVQBBAgLD2AAAIxBAgrJiqFIoAAYekBBBCIIUBYMVEpFAEECEsPIIBADAHCiolKoQggQFh6AAEEYggQVkxUCkUAAcLSAwggEEOAsGKiUigCCBCWHkAAgRgChBUTlUIRQICw9AACCMQQIKyYqBSKAAL/AEhNnXk+H37eAAAAAElFTkSuQmCC', 112201, '2025-06-16 09:58:38', '2025-06-16 09:58:38');

--
-- Indexes for dumped tables
--

--
-- Indexes for table `according_to_paragraph`
--
ALTER TABLE `according_to_paragraph`
  ADD PRIMARY KEY (`id`),
  ADD UNIQUE KEY `options` (`options`);

--
-- Indexes for table `admin_users`
--
ALTER TABLE `admin_users`
  ADD PRIMARY KEY (`id`),
  ADD UNIQUE KEY `username` (`username`),
  ADD UNIQUE KEY `email` (`email`);

--
-- Indexes for table `assessment_links`
--
ALTER TABLE `assessment_links`
  ADD PRIMARY KEY (`id`),
  ADD UNIQUE KEY `token` (`token`);

--
-- Indexes for table `assessment_options`
--
ALTER TABLE `assessment_options`
  ADD PRIMARY KEY (`id`),
  ADD KEY `question_id` (`question_id`);

--
-- Indexes for table `assessment_questions`
--
ALTER TABLE `assessment_questions`
  ADD PRIMARY KEY (`id`);

--
-- Indexes for table `assessment_responses`
--
ALTER TABLE `assessment_responses`
  ADD PRIMARY KEY (`id`),
  ADD KEY `assessment_link_id` (`assessment_link_id`),
  ADD KEY `question_id` (`question_id`),
  ADD KEY `selected_option_id` (`selected_option_id`);

--
-- Indexes for table `attendance_list`
--
ALTER TABLE `attendance_list`
  ADD PRIMARY KEY (`id`),
  ADD KEY `student_id` (`student_id`);

--
-- Indexes for table `authorities`
--
ALTER TABLE `authorities`
  ADD PRIMARY KEY (`id`),
  ADD KEY `fk_authorities_student_id` (`student_id`);

--
-- Indexes for table `bridge_days`
--
ALTER TABLE `bridge_days`
  ADD PRIMARY KEY (`id`),
  ADD UNIQUE KEY `unique_bridge_date` (`bridge_days`,`date`);

--
-- Indexes for table `certificate_of_absence`
--
ALTER TABLE `certificate_of_absence`
  ADD PRIMARY KEY (`id`),
  ADD KEY `student_id` (`student_id`);

--
-- Indexes for table `course_feedback`
--
ALTER TABLE `course_feedback`
  ADD PRIMARY KEY (`id`),
  ADD KEY `idx_user_id` (`student_id`),
  ADD KEY `idx_course_id` (`course_id`);

--
-- Indexes for table `examinations`
--
ALTER TABLE `examinations`
  ADD PRIMARY KEY (`id`),
  ADD UNIQUE KEY `examination` (`examination`);

--
-- Indexes for table `feedback_evaluations`
--
ALTER TABLE `feedback_evaluations`
  ADD PRIMARY KEY (`id`),
  ADD KEY `measures_id` (`measures_id`);

--
-- Indexes for table `form_links`
--
ALTER TABLE `form_links`
  ADD PRIMARY KEY (`id`),
  ADD UNIQUE KEY `token` (`token`);

--
-- Indexes for table `form_responses`
--
ALTER TABLE `form_responses`
  ADD PRIMARY KEY (`id`),
  ADD KEY `form_link_id` (`form_link_id`);

--
-- Indexes for table `intermediaries`
--
ALTER TABLE `intermediaries`
  ADD PRIMARY KEY (`id`);

--
-- Indexes for table `invoice_recipients`
--
ALTER TABLE `invoice_recipients`
  ADD PRIMARY KEY (`id`),
  ADD KEY `fk_invoice_recipients_student_id` (`student_id`);

--
-- Indexes for table `invoice_reminders`
--
ALTER TABLE `invoice_reminders`
  ADD PRIMARY KEY (`id`),
  ADD KEY `invoice_id` (`invoice_id`);

--
-- Indexes for table `lecturers`
--
ALTER TABLE `lecturers`
  ADD PRIMARY KEY (`lecturer_id`),
  ADD KEY `fk_lecturer_measures` (`measures_id`);

--
-- Indexes for table `measurements`
--
ALTER TABLE `measurements`
  ADD PRIMARY KEY (`id`);

--
-- Indexes for table `monthly_reports`
--
ALTER TABLE `monthly_reports`
  ADD PRIMARY KEY (`id`),
  ADD KEY `lecturer_id` (`lecturer_id`);

--
-- Indexes for table `positions`
--
ALTER TABLE `positions`
  ADD PRIMARY KEY (`id`),
  ADD KEY `user_id` (`user_id`);

--
-- Indexes for table `qualification_matrix`
--
ALTER TABLE `qualification_matrix`
  ADD PRIMARY KEY (`id`);

--
-- Indexes for table `qualifizierungsplan`
--
ALTER TABLE `qualifizierungsplan`
  ADD PRIMARY KEY (`id`);

--
-- Indexes for table `result_sheet_pdf`
--
ALTER TABLE `result_sheet_pdf`
  ADD PRIMARY KEY (`id`),
  ADD KEY `student_id` (`student_id`);

--
-- Indexes for table `student`
--
ALTER TABLE `student`
  ADD PRIMARY KEY (`student_id`);

--
-- Indexes for table `student_attendance`
--
ALTER TABLE `student_attendance`
  ADD PRIMARY KEY (`id`),
  ADD UNIQUE KEY `unique_student_date` (`student_id`,`attendance_date`),
  ADD KEY `idx_student_attendance_date` (`attendance_date`),
  ADD KEY `idx_student_attendance_student` (`student_id`);

--
-- Indexes for table `student_contact_details`
--
ALTER TABLE `student_contact_details`
  ADD PRIMARY KEY (`id`),
  ADD KEY `fk_student_contact_details_student_id` (`student_id`);

--
-- Indexes for table `student_exam_dates`
--
ALTER TABLE `student_exam_dates`
  ADD PRIMARY KEY (`id`),
  ADD KEY `fk_student_exam_dates_student_id` (`student_id`);

--
-- Indexes for table `student_files`
--
ALTER TABLE `student_files`
  ADD PRIMARY KEY (`id`),
  ADD KEY `student_id` (`student_id`);

--
-- Indexes for table `student_invoices`
--
ALTER TABLE `student_invoices`
  ADD PRIMARY KEY (`id`);

--
-- Indexes for table `student_reports`
--
ALTER TABLE `student_reports`
  ADD PRIMARY KEY (`id`),
  ADD KEY `student_id` (`student_id`);

--
-- Indexes for table `student_result_sheet`
--
ALTER TABLE `student_result_sheet`
  ADD PRIMARY KEY (`id`),
  ADD KEY `student_id` (`student_id`);

--
-- Indexes for table `student_settings`
--
ALTER TABLE `student_settings`
  ADD PRIMARY KEY (`id`),
  ADD KEY `fk_student_settings_student_id` (`student_id`);

--
-- Indexes for table `student_sick_leave`
--
ALTER TABLE `student_sick_leave`
  ADD PRIMARY KEY (`id`),
  ADD KEY `fk_student_sick_leave_student_id` (`student_id`);

--
-- Indexes for table `success_placement_statistics`
--
ALTER TABLE `success_placement_statistics`
  ADD PRIMARY KEY (`id`),
  ADD KEY `measures_id` (`measures_id`);

--
-- Indexes for table `trainings`
--
ALTER TABLE `trainings`
  ADD PRIMARY KEY (`id`),
  ADD KEY `user_id` (`user_id`);

--
-- Indexes for table `training_reports`
--
ALTER TABLE `training_reports`
  ADD PRIMARY KEY (`id`),
  ADD KEY `lecturer_id` (`lecturer_id`);

--
-- AUTO_INCREMENT for dumped tables
--

--
-- AUTO_INCREMENT for table `according_to_paragraph`
--
ALTER TABLE `according_to_paragraph`
  MODIFY `id` int(11) NOT NULL AUTO_INCREMENT, AUTO_INCREMENT=4;

--
-- AUTO_INCREMENT for table `admin_users`
--
ALTER TABLE `admin_users`
  MODIFY `id` int(6) UNSIGNED ZEROFILL NOT NULL AUTO_INCREMENT, AUTO_INCREMENT=8;

--
-- AUTO_INCREMENT for table `assessment_links`
--
ALTER TABLE `assessment_links`
  MODIFY `id` int(11) NOT NULL AUTO_INCREMENT, AUTO_INCREMENT=26;

--
-- AUTO_INCREMENT for table `assessment_options`
--
ALTER TABLE `assessment_options`
  MODIFY `id` int(11) NOT NULL AUTO_INCREMENT, AUTO_INCREMENT=46;

--
-- AUTO_INCREMENT for table `assessment_questions`
--
ALTER TABLE `assessment_questions`
  MODIFY `id` int(11) NOT NULL AUTO_INCREMENT, AUTO_INCREMENT=16;

--
-- AUTO_INCREMENT for table `assessment_responses`
--
ALTER TABLE `assessment_responses`
  MODIFY `id` int(11) NOT NULL AUTO_INCREMENT, AUTO_INCREMENT=259;

--
-- AUTO_INCREMENT for table `attendance_list`
--
ALTER TABLE `attendance_list`
  MODIFY `id` int(11) NOT NULL AUTO_INCREMENT, AUTO_INCREMENT=16;

--
-- AUTO_INCREMENT for table `authorities`
--
ALTER TABLE `authorities`
  MODIFY `id` int(11) NOT NULL AUTO_INCREMENT, AUTO_INCREMENT=6;

--
-- AUTO_INCREMENT for table `bridge_days`
--
ALTER TABLE `bridge_days`
  MODIFY `id` int(11) NOT NULL AUTO_INCREMENT, AUTO_INCREMENT=4;

--
-- AUTO_INCREMENT for table `certificate_of_absence`
--
ALTER TABLE `certificate_of_absence`
  MODIFY `id` int(11) NOT NULL AUTO_INCREMENT, AUTO_INCREMENT=8;

--
-- AUTO_INCREMENT for table `course_feedback`
--
ALTER TABLE `course_feedback`
  MODIFY `id` int(11) NOT NULL AUTO_INCREMENT, AUTO_INCREMENT=3;

--
-- AUTO_INCREMENT for table `examinations`
--
ALTER TABLE `examinations`
  MODIFY `id` int(11) NOT NULL AUTO_INCREMENT, AUTO_INCREMENT=3;

--
-- AUTO_INCREMENT for table `feedback_evaluations`
--
ALTER TABLE `feedback_evaluations`
  MODIFY `id` int(11) NOT NULL AUTO_INCREMENT, AUTO_INCREMENT=48;

--
-- AUTO_INCREMENT for table `form_links`
--
ALTER TABLE `form_links`
  MODIFY `id` int(11) NOT NULL AUTO_INCREMENT, AUTO_INCREMENT=14;

--
-- AUTO_INCREMENT for table `form_responses`
--
ALTER TABLE `form_responses`
  MODIFY `id` int(11) NOT NULL AUTO_INCREMENT;

--
-- AUTO_INCREMENT for table `intermediaries`
--
ALTER TABLE `intermediaries`
  MODIFY `id` int(11) NOT NULL AUTO_INCREMENT, AUTO_INCREMENT=7;

--
-- AUTO_INCREMENT for table `invoice_recipients`
--
ALTER TABLE `invoice_recipients`
  MODIFY `id` int(11) NOT NULL AUTO_INCREMENT, AUTO_INCREMENT=5;

--
-- AUTO_INCREMENT for table `invoice_reminders`
--
ALTER TABLE `invoice_reminders`
  MODIFY `id` int(11) NOT NULL AUTO_INCREMENT, AUTO_INCREMENT=10;

--
-- AUTO_INCREMENT for table `lecturers`
--
ALTER TABLE `lecturers`
  MODIFY `lecturer_id` int(11) NOT NULL AUTO_INCREMENT, AUTO_INCREMENT=112204;

--
-- AUTO_INCREMENT for table `measurements`
--
ALTER TABLE `measurements`
  MODIFY `id` int(11) NOT NULL AUTO_INCREMENT, AUTO_INCREMENT=9;

--
-- AUTO_INCREMENT for table `monthly_reports`
--
ALTER TABLE `monthly_reports`
  MODIFY `id` int(11) NOT NULL AUTO_INCREMENT, AUTO_INCREMENT=20;

--
-- AUTO_INCREMENT for table `positions`
--
ALTER TABLE `positions`
  MODIFY `id` int(11) NOT NULL AUTO_INCREMENT, AUTO_INCREMENT=14;

--
-- AUTO_INCREMENT for table `qualification_matrix`
--
ALTER TABLE `qualification_matrix`
  MODIFY `id` int(11) NOT NULL AUTO_INCREMENT, AUTO_INCREMENT=7;

--
-- AUTO_INCREMENT for table `qualifizierungsplan`
--
ALTER TABLE `qualifizierungsplan`
  MODIFY `id` int(11) NOT NULL AUTO_INCREMENT, AUTO_INCREMENT=13;

--
-- AUTO_INCREMENT for table `result_sheet_pdf`
--
ALTER TABLE `result_sheet_pdf`
  MODIFY `id` int(11) NOT NULL AUTO_INCREMENT, AUTO_INCREMENT=6;

--
-- AUTO_INCREMENT for table `student`
--
ALTER TABLE `student`
  MODIFY `student_id` int(6) UNSIGNED ZEROFILL NOT NULL AUTO_INCREMENT, AUTO_INCREMENT=100006;

--
-- AUTO_INCREMENT for table `student_attendance`
--
ALTER TABLE `student_attendance`
  MODIFY `id` int(11) NOT NULL AUTO_INCREMENT, AUTO_INCREMENT=9;

--
-- AUTO_INCREMENT for table `student_contact_details`
--
ALTER TABLE `student_contact_details`
  MODIFY `id` int(11) NOT NULL AUTO_INCREMENT, AUTO_INCREMENT=7;

--
-- AUTO_INCREMENT for table `student_exam_dates`
--
ALTER TABLE `student_exam_dates`
  MODIFY `id` int(11) NOT NULL AUTO_INCREMENT, AUTO_INCREMENT=5;

--
-- AUTO_INCREMENT for table `student_files`
--
ALTER TABLE `student_files`
  MODIFY `id` int(11) NOT NULL AUTO_INCREMENT, AUTO_INCREMENT=6;

--
-- AUTO_INCREMENT for table `student_invoices`
--
ALTER TABLE `student_invoices`
  MODIFY `id` int(11) NOT NULL AUTO_INCREMENT, AUTO_INCREMENT=7;

--
-- AUTO_INCREMENT for table `student_reports`
--
ALTER TABLE `student_reports`
  MODIFY `id` int(11) NOT NULL AUTO_INCREMENT, AUTO_INCREMENT=8;

--
-- AUTO_INCREMENT for table `student_result_sheet`
--
ALTER TABLE `student_result_sheet`
  MODIFY `id` int(11) NOT NULL AUTO_INCREMENT, AUTO_INCREMENT=4;

--
-- AUTO_INCREMENT for table `student_settings`
--
ALTER TABLE `student_settings`
  MODIFY `id` int(11) NOT NULL AUTO_INCREMENT, AUTO_INCREMENT=6;

--
-- AUTO_INCREMENT for table `student_sick_leave`
--
ALTER TABLE `student_sick_leave`
  MODIFY `id` int(11) NOT NULL AUTO_INCREMENT, AUTO_INCREMENT=5;

--
-- AUTO_INCREMENT for table `success_placement_statistics`
--
ALTER TABLE `success_placement_statistics`
  MODIFY `id` int(11) NOT NULL AUTO_INCREMENT, AUTO_INCREMENT=14;

--
-- AUTO_INCREMENT for table `trainings`
--
ALTER TABLE `trainings`
  MODIFY `id` int(11) NOT NULL AUTO_INCREMENT, AUTO_INCREMENT=7;

--
-- AUTO_INCREMENT for table `training_reports`
--
ALTER TABLE `training_reports`
  MODIFY `id` int(11) NOT NULL AUTO_INCREMENT, AUTO_INCREMENT=7;

--
-- Constraints for dumped tables
--

--
-- Constraints for table `assessment_options`
--
ALTER TABLE `assessment_options`
  ADD CONSTRAINT `assessment_options_ibfk_1` FOREIGN KEY (`question_id`) REFERENCES `assessment_questions` (`id`);

--
-- Constraints for table `assessment_responses`
--
ALTER TABLE `assessment_responses`
  ADD CONSTRAINT `assessment_responses_ibfk_1` FOREIGN KEY (`assessment_link_id`) REFERENCES `assessment_links` (`id`),
  ADD CONSTRAINT `assessment_responses_ibfk_2` FOREIGN KEY (`question_id`) REFERENCES `assessment_questions` (`id`),
  ADD CONSTRAINT `assessment_responses_ibfk_3` FOREIGN KEY (`selected_option_id`) REFERENCES `assessment_options` (`id`);

--
-- Constraints for table `attendance_list`
--
ALTER TABLE `attendance_list`
  ADD CONSTRAINT `attendance_list_ibfk_1` FOREIGN KEY (`student_id`) REFERENCES `student` (`student_id`);

--
-- Constraints for table `authorities`
--
ALTER TABLE `authorities`
  ADD CONSTRAINT `fk_authorities_student_id` FOREIGN KEY (`student_id`) REFERENCES `student` (`student_id`) ON DELETE CASCADE;

--
-- Constraints for table `certificate_of_absence`
--
ALTER TABLE `certificate_of_absence`
  ADD CONSTRAINT `certificate_of_absence_ibfk_1` FOREIGN KEY (`student_id`) REFERENCES `student` (`student_id`);

--
-- Constraints for table `feedback_evaluations`
--
ALTER TABLE `feedback_evaluations`
  ADD CONSTRAINT `feedback_evaluations_ibfk_1` FOREIGN KEY (`measures_id`) REFERENCES `measurements` (`id`);

--
-- Constraints for table `form_responses`
--
ALTER TABLE `form_responses`
  ADD CONSTRAINT `form_responses_ibfk_1` FOREIGN KEY (`form_link_id`) REFERENCES `form_links` (`id`) ON DELETE SET NULL;

--
-- Constraints for table `invoice_recipients`
--
ALTER TABLE `invoice_recipients`
  ADD CONSTRAINT `fk_invoice_recipients_student_id` FOREIGN KEY (`student_id`) REFERENCES `student` (`student_id`) ON DELETE CASCADE;

--
-- Constraints for table `invoice_reminders`
--
ALTER TABLE `invoice_reminders`
  ADD CONSTRAINT `invoice_reminders_ibfk_1` FOREIGN KEY (`invoice_id`) REFERENCES `student_invoices` (`id`);

--
-- Constraints for table `lecturers`
--
ALTER TABLE `lecturers`
  ADD CONSTRAINT `fk_lecturer_measures` FOREIGN KEY (`measures_id`) REFERENCES `measurements` (`id`);

--
-- Constraints for table `monthly_reports`
--
ALTER TABLE `monthly_reports`
  ADD CONSTRAINT `monthly_reports_ibfk_1` FOREIGN KEY (`lecturer_id`) REFERENCES `lecturers` (`lecturer_id`) ON DELETE CASCADE ON UPDATE CASCADE;

--
-- Constraints for table `positions`
--
ALTER TABLE `positions`
  ADD CONSTRAINT `positions_ibfk_1` FOREIGN KEY (`user_id`) REFERENCES `admin_users` (`id`) ON DELETE CASCADE;

--
-- Constraints for table `result_sheet_pdf`
--
ALTER TABLE `result_sheet_pdf`
  ADD CONSTRAINT `result_sheet_pdf_ibfk_1` FOREIGN KEY (`student_id`) REFERENCES `student` (`student_id`) ON DELETE CASCADE;

--
-- Constraints for table `student_attendance`
--
ALTER TABLE `student_attendance`
  ADD CONSTRAINT `student_attendance_ibfk_1` FOREIGN KEY (`student_id`) REFERENCES `student` (`student_id`);

--
-- Constraints for table `student_contact_details`
--
ALTER TABLE `student_contact_details`
  ADD CONSTRAINT `fk_student_contact_details_student_id` FOREIGN KEY (`student_id`) REFERENCES `student` (`student_id`) ON DELETE CASCADE;

--
-- Constraints for table `student_exam_dates`
--
ALTER TABLE `student_exam_dates`
  ADD CONSTRAINT `fk_student_exam_dates_student_id` FOREIGN KEY (`student_id`) REFERENCES `student` (`student_id`) ON DELETE CASCADE;

--
-- Constraints for table `student_files`
--
ALTER TABLE `student_files`
  ADD CONSTRAINT `student_files_ibfk_1` FOREIGN KEY (`student_id`) REFERENCES `student` (`student_id`);

--
-- Constraints for table `student_reports`
--
ALTER TABLE `student_reports`
  ADD CONSTRAINT `student_reports_ibfk_1` FOREIGN KEY (`student_id`) REFERENCES `student` (`student_id`) ON DELETE CASCADE;

--
-- Constraints for table `student_result_sheet`
--
ALTER TABLE `student_result_sheet`
  ADD CONSTRAINT `student_result_sheet_ibfk_1` FOREIGN KEY (`student_id`) REFERENCES `student` (`student_id`);

--
-- Constraints for table `student_settings`
--
ALTER TABLE `student_settings`
  ADD CONSTRAINT `fk_student_settings_student_id` FOREIGN KEY (`student_id`) REFERENCES `student` (`student_id`) ON DELETE CASCADE;

--
-- Constraints for table `student_sick_leave`
--
ALTER TABLE `student_sick_leave`
  ADD CONSTRAINT `fk_student_sick_leave_student_id` FOREIGN KEY (`student_id`) REFERENCES `student` (`student_id`) ON DELETE CASCADE;

--
-- Constraints for table `success_placement_statistics`
--
ALTER TABLE `success_placement_statistics`
  ADD CONSTRAINT `success_placement_statistics_ibfk_1` FOREIGN KEY (`measures_id`) REFERENCES `measurements` (`id`);

--
-- Constraints for table `trainings`
--
ALTER TABLE `trainings`
  ADD CONSTRAINT `trainings_ibfk_1` FOREIGN KEY (`user_id`) REFERENCES `admin_users` (`id`) ON DELETE CASCADE;

--
-- Constraints for table `training_reports`
--
ALTER TABLE `training_reports`
  ADD CONSTRAINT `training_reports_ibfk_1` FOREIGN KEY (`lecturer_id`) REFERENCES `lecturers` (`lecturer_id`) ON DELETE CASCADE ON UPDATE CASCADE;
COMMIT;

/*!40101 SET CHARACTER_SET_CLIENT=@OLD_CHARACTER_SET_CLIENT */;
/*!40101 SET CHARACTER_SET_RESULTS=@OLD_CHARACTER_SET_RESULTS */;
/*!40101 SET COLLATION_CONNECTION=@OLD_COLLATION_CONNECTION */;
